Date,Close,J2,J3,J4,J5,J6,J7,Mise,Secu,PorteFeuille,NbrAction,Vente,Achat,ValeurAchat,ValeurVente
2019-01-02,39.47999954223633,,,,,,,100.0,0.0,0.0,0.0,False,False,,
2019-01-03,35.54750061035156,37.513750076293945,,,,,,100.0,0.0,0.0,0.0,False,False,,
2019-01-04,37.064998626708984,36.30624961853027,37.364166259765625,,,,,100.0,0.0,0.0,0.0,False,False,,
2019-01-07,36.98249816894531,37.02374839782715,36.53166580200195,37.26874923706055,,,,0.0,0.0,99.48217599982267,2.689979880357546,False,True,37.17499923706055,
2019-01-08,37.6875,37.334999084472656,37.244998931884766,36.820624351501465,37.352499389648436,,,0.0,0.0,101.37861674097502,2.689979880357546,False,False,37.17499923706055,
2019-01-09,38.32749938964844,38.00749969482422,37.66583251953125,37.515624046325684,37.12199935913086,37.51499938964844,,0.0,0.0,103.10020222257043,2.689979880357546,False,False,37.17499923706055,
2019-01-10,38.45000076293945,38.388750076293945,38.15500005086263,37.8618745803833,37.70249938964844,37.34333292643229,37.6485710144043,0.0,0.0,103.42972845203943,2.689979880357546,False,False,37.17499923706055,
2019-01-11,38.0724983215332,38.26124954223633,38.28333282470703,38.13437461853027,37.90399932861328,37.7641658782959,37.44749941144671,0.0,0.0,102.41425447987076,2.689979880357546,False,False,37.17499923706055,
2019-01-14,37.5,37.7862491607666,38.00749969482422,38.08749961853027,38.00749969482422,37.836666107177734,37.7264278956822,0.0,0.0,100.87424551340798,2.689979880357546,False,False,37.17499923706055,
2019-01-15,38.26750183105469,37.883750915527344,37.9466667175293,38.072500228881836,38.12350006103516,38.05083338419596,37.89821406773159,0.0,0.0,102.93880999708266,2.689979880357546,False,False,37.17499923706055,
2019-01-16,38.73500061035156,38.501251220703125,38.167500813802086,38.14375019073486,38.20500030517578,38.225416819254555,38.14857155936105,0.0,0.0,104.19637230748297,2.689979880357546,False,False,37.17499923706055,
2019-01-17,38.96500015258789,38.85000038146973,38.65583419799805,38.366875648498535,38.30800018310547,38.33166694641113,38.33107158115932,0.0,0.0,104.81506644859014,2.689979880357546,False,False,37.17499923706055,
2019-01-18,39.20500183105469,39.08500099182129,38.96833419799805,38.79312610626221,38.53450088500976,38.45750045776367,38.45642907278879,0.0,0.0,105.46066613491786,2.689979880357546,False,False,37.17499923706055,
2019-01-22,38.32500076293945,38.76500129699707,38.83166758219401,38.8075008392334,38.699501037597656,38.49958419799805,38.43857192993164,0.0,0.0,103.09348096699473,2.689979880357546,False,False,37.17499923706055,
2019-01-23,38.47999954223633,38.40250015258789,38.67000071207682,38.74375057220459,38.742000579833984,38.66291745503744,38.496786390032085,0.0,0.0,103.5104245647833,2.689979880357546,False,False,37.17499923706055,
2019-01-24,38.17499923706055,38.32749938964844,38.326666514078774,38.546250343322754,38.630000305175784,38.647500356038414,38.59321485246931,0.0,0.0,102.68997988035754,2.689979880357546,False,False,37.17499923706055,
2019-01-25,39.439998626708984,38.807498931884766,38.69833246866862,38.60499954223633,38.725,38.76500002543131,38.76071439470564,0.0,0.0,106.09280278717641,2.689979880357546,False,False,37.17499923706055,
2019-01-28,39.07500076293945,39.25749969482422,38.89666620890299,38.79249954223633,38.69899978637695,38.78333346048991,38.80928584507534,0.0,0.0,105.1109658772629,2.689979880357546,False,False,37.17499923706055,
2019-01-29,38.66999816894531,38.87249946594238,39.061665852864586,38.839999198913574,38.767999267578126,38.69416618347168,38.76714270455496,0.0,0.0,104.02151704792604,2.689979880357546,False,False,37.17499923706055,
2019-01-30,41.3125,39.991249084472656,39.68583297729492,39.62437438964844,39.33449935913086,39.19208272298177,39.06821387154715,0.0,0.0,111.12979380727113,2.689979880357546,False,False,37.17499923706055,
2019-01-31,41.61000061035156,41.46125030517578,40.53083292643229,40.16687488555908,40.02149963378906,39.71374956766764,39.5374995640346,0.0,0.0,111.93006446351092,2.689979880357546,False,False,37.17499923706055,
2019-02-01,41.630001068115234,41.6200008392334,41.51750055948893,40.80562496185303,40.45950012207031,40.28958320617676,39.9874997820173,0.0,0.0,111.98386529249314,2.689979880357546,False,False,37.17499923706055,
2019-02-04,42.8125,42.22125053405762,42.01750055948893,41.8412504196167,41.206999969482425,40.85166676839193,40.64999989100865,0.0,0.0,115.16476362780745,2.689979880357546,False,False,37.17499923706055,
2019-02-05,43.54499816894531,43.178749084472656,42.66249974568685,42.39937496185303,42.18199996948242,41.59666633605957,41.23642839704241,0.0,0.0,117.13516896466908,2.689979880357546,False,False,37.17499923706055,
2019-02-06,43.560001373291016,43.552499771118164,43.305833180745445,42.88687515258789,42.631500244140625,42.41166687011719,41.87714276994978,0.0,0.0,117.17552728249991,2.689979880357546,False,False,37.17499923706055,
2019-02-07,42.73500061035156,43.14750099182129,43.28000005086263,43.16312503814697,42.856500244140626,42.64875030517578,42.45785740443638,0.0,0.0,114.95629182891315,2.689979880357546,False,False,37.17499923706055,
2019-02-08,42.602500915527344,42.66875076293945,42.965834299723305,43.11062526702881,43.05100021362305,42.81416702270508,42.64214324951172,0.0,0.0,114.5998703156825,2.689979880357546,False,False,37.17499923706055,
2019-02-11,42.35749816894531,42.47999954223633,42.56499989827474,42.81375026702881,42.95999984741211,42.93541653951009,42.748928615025115,0.0,0.0,113.94081785674449,2.689979880357546,False,False,37.17499923706055,
2019-02-12,42.72249984741211,42.53999900817871,42.56083297729492,42.60437488555908,42.79550018310547,42.920416514078774,42.90499986921038,0.0,0.0,114.92266502811691,2.689979880357546,False,False,37.17499923706055,
2019-02-13,42.54499816894531,42.63374900817871,42.541665395100914,42.55687427520752,42.592499542236325,42.75374984741211,42.86678532191685,0.0,0.0,114.44518908431152,2.689979880357546,False,False,37.17499923706055,
2019-02-14,42.70000076293945,42.62249946594238,42.65583292643229,42.58124923706055,42.5854995727539,42.610416412353516,42.74607140677316,0.0,0.0,114.862142943559,2.689979880357546,False,False,37.17499923706055,
2019-02-15,42.60499954223633,42.65250015258789,42.61666615804037,42.6431245803833,42.5859992980957,42.58874956766764,42.60964257376535,0.0,0.0,114.60659157125818,2.689979880357546,False,False,37.17499923706055,
2019-02-19,42.73249816894531,42.66874885559082,42.67916615804037,42.6456241607666,42.6609992980957,42.61041577657064,42.609285082135884,0.0,0.0,114.94956031187857,2.689979880357546,False,False,37.17499923706055,
2019-02-20,43.00749969482422,42.869998931884766,42.78166580200195,42.76124954223633,42.71799926757812,42.718749364217125,42.66714205060686,0.0,0.0,115.68930888356046,2.689979880357546,False,False,37.17499923706055,
2019-02-21,42.76499938964844,42.88624954223633,42.834999084472656,42.777499198913574,42.76199951171875,42.72583262125651,42.72535651070731,0.0,0.0,115.03698794165703,2.689979880357546,False,False,37.17499923706055,
2019-02-22,43.24250030517578,43.00374984741211,43.00499979654948,42.93687438964844,42.87049942016601,42.84208297729492,42.79964229038784,0.0,0.0,116.32145579727789,2.689979880357546,False,False,37.17499923706055,
2019-02-25,43.557498931884766,43.39999961853027,43.188332875569664,43.1431245803833,43.0609992980957,42.984999338785805,42.94428525652204,0.0,0.0,117.16879576546532,2.689979880357546,False,False,37.17499923706055,
2019-02-26,43.58250045776367,43.56999969482422,43.46083323160807,43.286874771118164,43.23099975585937,43.14791615804037,43.07035664149693,0.0,0.0,117.23604936705782,2.689979880357546,False,False,37.17499923706055,
2019-02-27,43.717498779296875,43.64999961853027,43.6191660563151,43.52499961853027,43.372999572753905,43.31208292643229,43.22928510393415,0.0,0.0,117.59919213586417,2.689979880357546,False,False,37.17499923706055,
2019-02-28,43.287498474121094,43.502498626708984,43.52916590372721,43.5362491607666,43.477499389648436,43.35874938964844,43.308570861816406,0.0,0.0,116.44249996639373,2.689979880357546,False,False,37.17499923706055,
2019-03-01,43.74250030517578,43.51499938964844,43.582499186197914,43.582499504089355,43.57749938964844,43.52166620890299,43.41357094900949,0.0,0.0,117.66644573745667,2.689979880357546,False,False,37.17499923706055,
2019-03-04,43.962501525878906,43.852500915527344,43.66416676839193,43.677499771118164,43.65849990844727,43.641666412353516,43.584642682756694,0.0,0.0,118.25824459480218,2.689979880357546,False,False,37.17499923706055,
2019-03-05,43.88249969482422,43.92250061035156,43.862500508626304,43.71875,43.718499755859376,43.69583320617676,43.67607116699219,0.0,0.0,118.0430412788733,2.689979880357546,False,False,37.17499923706055,
2019-03-06,43.630001068115234,43.75625038146973,43.82500076293945,43.804375648498535,43.70100021362305,43.70374997456869,43.686428615025115,0.0,0.0,117.36382505320823,2.689979880357546,False,False,37.17499923706055,
2019-03-07,43.125,43.37750053405762,43.545833587646484,43.65000057220459,43.66850051879883,43.6050001780192,43.62107140677316,0.0,0.0,116.00538234041917,2.689979880357546,False,False,37.17499923706055,
2019-03-08,43.227500915527344,43.17625045776367,43.327500661214195,43.4662504196167,43.56550064086914,43.59500058492025,43.55107171194894,0.0,0.0,116.28110774090595,2.689979880357546,False,False,37.17499923706055,
2019-03-11,44.724998474121094,43.97624969482422,43.69249979654948,43.67687511444092,43.71800003051758,43.75875027974447,43.75642885480608,0.0,0.0,120.30934604440769,2.689979880357546,False,False,37.17499923706055,
2019-03-12,45.227500915527344,44.97624969482422,44.393333435058594,44.076250076293945,43.9870002746582,43.96958351135254,43.96857179914202,0.0,0.0,121.66106750162105,2.689979880357546,False,False,37.17499923706055,
2019-03-13,45.4275016784668,45.32750129699707,45.12666702270508,44.651875495910645,44.346500396728516,44.22708384195963,44.177857535226,0.0,0.0,122.19906552998434,2.689979880357546,False,False,37.17499923706055,
2019-03-14,45.932498931884766,45.68000030517578,45.52916717529297,45.328125,44.90800018310547,44.610833485921226,44.4707145690918,0.0,0.0,123.5574979813145,2.689979880357546,False,False,37.17499923706055,
2019-03-15,46.529998779296875,46.23124885559082,45.96333312988281,45.779375076293945,45.56849975585938,45.1783332824707,44.88499995640346,0.0,0.0,125.16476054936977,2.689979880357546,False,False,37.17499923706055,
2019-03-18,47.005001068115234,46.767499923706055,46.489166259765625,46.22375011444092,46.0245002746582,45.80791664123535,45.43928582327707,0.0,0.0,126.44250714941495,2.689979880357546,False,False,37.17499923706055,
2019-03-19,46.63249969482422,46.81875038146973,46.72249984741211,46.52499961853027,46.30550003051758,46.12583351135254,45.92571422031948,0.0,0.0,125.44048594985655,2.689979880357546,False,False,37.17499923706055,
2019-03-20,47.040000915527344,46.83625030517578,46.89250055948893,46.80187511444092,46.62799987792969,46.427916844685875,46.25642885480608,0.0,0.0,126.53665603476911,2.689979880357546,False,False,37.17499923706055,
2019-03-21,48.772499084472656,47.90625,47.481666564941406,47.36250019073486,47.19599990844726,46.985416412353516,46.762857164655415,0.0,0.0,131.19704125198828,2.689979880357546,False,False,37.17499923706055,
2019-03-22,47.76250076293945,48.267499923706055,47.858333587646484,47.55187511444092,47.442500305175784,47.2904167175293,47.096428462437224,0.0,0.0,128.48016608786907,2.689979880357546,False,False,37.17499923706055,
2019-03-25,47.185001373291016,47.473751068115234,47.90666707356771,47.69000053405762,47.47850036621094,47.39958381652832,47.27535738263811,0.0,0.0,126.92670434879601,2.689979880357546,False,False,37.17499923706055,
2019-03-26,46.6974983215332,46.94124984741211,47.21500015258789,47.60437488555908,47.49150009155274,47.34833335876465,47.299285888671875,0.0,0.0,125.61533094795459,2.689979880357546,False,False,37.17499923706055,
2019-03-27,47.11750030517578,46.90749931335449,47.0,47.19062519073486,47.50699996948242,47.42916679382324,47.31535720825195,0.0,0.0,126.74512783366339,2.689979880357546,False,False,37.17499923706055,
2019-03-28,47.18000030517578,47.14875030517578,46.99833297729492,47.045000076293945,47.188500213623044,47.45250002543131,47.39357158115932,0.0,0.0,126.91325157618573,2.689979880357546,False,False,37.17499923706055,
2019-03-29,47.48749923706055,47.333749771118164,47.26166661580404,47.12062454223633,47.13349990844726,47.23833338419596,47.45749991280692,0.0,0.0,127.7404175161872,2.689979880357546,False,False,37.17499923706055,
2019-04-01,47.810001373291016,47.64875030517578,47.49250030517578,47.39875030517578,47.25849990844726,47.24625015258789,47.320000239780974,0.0,0.0,128.60794177401948,2.689979880357546,False,False,37.17499923706055,
2019-04-02,48.505001068115234,48.157501220703125,47.9341672261556,47.745625495910645,47.62000045776367,47.46625010172526,47.42607171194894,0.0,0.0,130.47747696995125,2.689979880357546,False,False,37.17499923706055,
2019-04-03,48.837501525878906,48.67125129699707,48.384167989095054,48.160000801086426,47.9640007019043,47.82291730244955,47.662143162318635,0.0,0.0,131.3718965115452,2.689979880357546,False,False,37.17499923706055,
2019-04-04,48.92250061035156,48.880001068115234,48.755001068115234,48.51875114440918,48.31250076293945,48.12375068664551,47.98000063214983,0.0,0.0,131.60054233862547,2.689979880357546,False,False,37.17499923706055,
2019-04-05,49.25,49.08625030517578,49.003334045410156,48.878750801086426,48.665000915527344,48.468750635782875,48.28464344569615,0.0,0.0,132.48150910760916,2.689979880357546,False,False,37.17499923706055,
2019-04-08,50.025001525878906,49.63750076293945,49.39916737874349,49.258750915527344,49.108000946044925,48.89166768391927,48.691072191510884,0.0,0.0,134.5662476194698,2.689979880357546,False,False,37.17499923706055,
2019-04-09,49.875,49.95000076293945,49.71666717529297,49.51812553405762,49.38200073242187,49.2358341217041,49.03214372907366,0.0,0.0,134.1627465328326,2.689979880357546,False,False,37.17499923706055,
2019-04-10,50.154998779296875,50.01499938964844,50.018333435058594,49.826250076293945,49.64550018310547,49.510833740234375,49.36714335850307,0.0,0.0,134.91593761566588,2.689979880357546,False,False,37.17499923706055,
2019-04-11,49.73749923706055,49.94624900817871,49.922499338785805,49.94812488555908,49.80849990844727,49.66083335876465,49.54321452549526,0.0,0.0,133.79287224699166,2.689979880357546,False,False,37.17499923706055,
2019-04-12,49.717498779296875,49.72749900817871,49.869998931884766,49.871249198913574,49.90199966430664,49.79333305358887,49.66892841884068,0.0,0.0,133.73907141800944,2.689979880357546,False,False,37.17499923706055,
2019-04-15,49.807498931884766,49.76249885559082,49.75416564941406,49.854373931884766,49.858499145507814,49.88624954223633,49.79535675048828,0.0,0.0,133.98117001769998,2.689979880357546,False,False,37.17499923706055,
2019-04-16,49.8125,49.80999946594238,49.77916590372721,49.76874923706055,49.84599914550781,49.85083262125651,49.87571389334543,0.0,0.0,133.99462279031027,2.689979880357546,False,False,37.17499923706055,
2019-04-17,50.782501220703125,50.29750061035156,50.1341667175293,50.02999973297119,49.971499633789065,50.00208282470703,49.98392813546317,0.0,0.0,136.60390655792392,2.689979880357546,False,False,37.17499923706055,
2019-04-18,50.96500015258789,50.87375068664551,50.52000045776367,50.341875076293945,50.21699981689453,50.13708305358887,50.13964244297573,0.0,0.0,137.0948250128807,2.689979880357546,False,False,37.17499923706055,
2019-04-22,51.13249969482422,51.048749923706055,50.960000356038414,50.67312526702881,50.5,50.36958312988281,50.2792854309082,0.0,0.0,137.5453954114655,2.689979880357546,False,False,37.17499923706055,
2019-04-23,51.869998931884766,51.50124931335449,51.32249959309896,51.1875,50.9125,50.728333155314125,50.58392824445452,0.0,0.0,139.52925352093743,2.689979880357546,False,False,37.17499923706055,
2019-04-24,51.790000915527344,51.829999923706055,51.59749984741211,51.439374923706055,51.30800018310547,51.05875015258789,50.87999997820173,0.0,0.0,139.31406046646745,2.689979880357546,False,False,37.17499923706055,
2019-04-25,51.31999969482422,51.55500030517578,51.65999984741211,51.52812480926514,51.41549987792969,51.31000010172526,51.09607151576451,0.0,0.0,138.04976663903255,2.689979880357546,False,False,37.17499923706055,
2019-04-26,51.07500076293945,51.197500228881836,51.39500045776367,51.513750076293945,51.4375,51.35875002543131,51.276428767613005,0.0,0.0,137.39072444155346,2.689979880357546,False,False,37.17499923706055,
2019-04-29,51.15250015258789,51.11375045776367,51.18250020345052,51.33437538146973,51.44150009155273,51.39000002543131,51.32928575788225,0.0,0.0,137.59919624044772,2.689979880357546,False,False,37.17499923706055,
2019-04-30,50.16749954223633,50.65999984741211,50.798333485921226,50.92875003814697,51.101000213623045,51.229166666666664,51.2153570992606,0.0,0.0,134.94956441646212,2.689979880357546,False,False,37.17499923706055,
2019-05-01,52.630001068115234,51.39875030517578,51.31666692097982,51.25625038146973,51.26900024414063,51.35583368937174,51.429285866873606,0.0,0.0,141.57364397642615,2.689979880357546,False,False,37.17499923706055,
2019-05-02,52.287498474121094,52.458749771118164,51.69499969482422,51.55937480926514,51.4625,51.43874994913737,51.48892865862165,0.0,0.0,140.65231888961162,2.689979880357546,False,False,37.17499923706055,
2019-05-03,52.9375,52.61249923706055,52.618333180745445,52.005624771118164,51.83499984741211,51.708333333333336,51.6528570992606,0.0,0.0,142.4008099164276,2.689979880357546,False,False,37.17499923706055,
2019-05-06,52.119998931884766,52.52874946594238,52.44833246866862,52.49374961853027,52.028499603271484,51.88249969482422,51.76714270455496,0.0,0.0,140.20174849102682,2.689979880357546,False,False,37.17499923706055,
2019-05-07,50.71500015258789,51.41749954223633,51.92416636149088,52.01499938964844,52.1379997253418,51.809583028157554,51.71571404593332,100.0,36.422330042791316,0.0,0.0,True,False,,50.71500015258789
2019-05-08,50.724998474121094,50.71999931335449,51.186665852864586,51.62437438964844,51.75699920654297,51.902499516805015,51.65464237758091,100.0,36.422330042791316,0.0,0.0,False,False,,50.71500015258789
2019-05-09,50.18000030517578,50.45249938964844,50.539999643961586,50.93499946594238,51.3354995727539,51.4941660563151,51.65642820085798,100.0,36.422330042791316,0.0,0.0,False,False,,50.71500015258789
2019-05-10,49.29499816894531,49.73749923706055,50.06666564941406,50.22874927520752,50.606999206542966,50.995416005452476,51.17999921526228,100.0,36.422330042791316,0.0,0.0,False,False,,50.71500015258789
2019-05-13,46.43000030517578,47.86249923706055,48.63499959309896,49.15749931335449,49.46899948120117,49.91083272298177,50.343213762555806,100.0,36.422330042791316,0.0,0.0,False,False,,50.71500015258789
2019-05-14,47.165000915527344,46.79750061035156,47.62999979654948,48.267499923706055,48.75899963378906,49.08499972025553,49.518571036202566,100.0,36.422330042791316,0.0,0.0,False,False,,50.71500015258789
2019-05-15,47.72999954223633,47.447500228881836,47.108333587646484,47.65499973297119,48.15999984741211,48.58749961853027,48.89142826625279,100.0,36.422330042791316,0.0,0.0,False,False,,50.71500015258789
2019-05-16,47.52000045776367,47.625,47.471666971842446,47.21125030517578,47.62799987792969,48.0533332824707,48.43499973842076,100.0,36.422330042791316,0.0,0.0,False,False,,50.71500015258789
2019-05-17,47.25,47.385000228881836,47.5,47.416250228881836,47.219000244140624,47.56499989827474,47.938571384974885,100.0,36.422330042791316,0.0,0.0,False,False,,50.71500015258789
2019-05-20,45.772499084472656,46.51124954223633,46.84749984741211,47.068124771118164,47.0875,46.9779167175293,47.30892835344587,100.0,36.422330042791316,0.0,0.0,False,False,,50.71500015258789
2019-05-21,46.650001525878906,46.21125030517578,46.55750020345052,46.79812526702881,46.984500122070315,47.014583587646484,46.93107169015067,100.0,36.422330042791316,0.0,0.0,False,False,,50.71500015258789
2019-05-22,45.69499969482422,46.17250061035156,46.03916676839193,46.341875076293945,46.57750015258789,46.76958338419596,46.82607160295759,100.0,36.422330042791316,0.0,0.0,False,False,,50.71500015258789
2019-05-23,44.915000915527344,45.30500030517578,45.753334045410156,45.75812530517578,46.05650024414062,46.30041694641113,46.50464303152902,100.0,36.422330042791316,0.0,0.0,False,False,,50.71500015258789
2019-05-24,44.74250030517578,44.82875061035156,45.11750030517578,45.50062561035156,45.55500030517578,45.83750025431315,46.07785742623465,100.0,36.422330042791316,0.0,0.0,False,False,,50.71500015258789
2019-05-28,44.557498931884766,44.64999961853027,44.73833338419596,44.97749996185303,45.3120002746582,45.388750076293945,45.65464292253767,100.0,36.422330042791316,0.0,0.0,False,False,,50.71500015258789
2019-05-29,44.345001220703125,44.451250076293945,44.548333485921226,44.640000343322754,44.851000213623045,45.15083376566569,45.23964309692383,100.0,36.422330042791316,0.0,0.0,False,False,,50.71500015258789
2019-05-30,44.57500076293945,44.46000099182129,44.49250030517578,44.55500030517578,44.627000427246095,44.80500030517578,45.06857190813337,100.0,36.422330042791316,0.0,0.0,False,False,,50.71500015258789
2019-05-31,43.76750183105469,44.17125129699707,44.22916793823242,44.31125068664551,44.397500610351564,44.483750661214195,44.656786237444194,100.0,36.422330042791316,0.0,0.0,False,False,,50.71500015258789
2019-06-03,43.32500076293945,43.54625129699707,43.88916778564453,44.00312614440918,44.114000701904295,44.218750635782875,44.31821496146066,100.0,36.422330042791316,0.0,0.0,False,False,,50.71500015258789
2019-06-04,44.90999984741211,44.11750030517578,44.000834147135414,44.144375801086426,44.18450088500977,44.2466672261556,44.31750052315848,0.0,36.422330042791316,100.00000000000001,2.2266755809343963,False,True,44.90999984741211,
2019-06-05,45.6349983215332,45.272499084472656,44.62333297729492,44.40937519073486,44.442500305175784,44.42625045776367,44.445000239780974,0.0,36.422330042791316,101.61433639854015,2.2266755809343963,False,False,44.90999984741211,
2019-06-06,46.30500030517578,45.96999931335449,45.61666615804037,45.04374980926514,44.788500213623045,44.752916971842446,44.69464329310826,0.0,36.422330042791316,103.10621345469468,2.2266755809343963,False,False,44.90999984741211,
2019-06-07,47.537498474121094,46.92124938964844,46.492499033610024,46.09687423706055,45.54249954223633,45.24666659037272,45.15071432931082,0.0,36.422330042791316,105.85058703103157,2.2266755809343963,False,False,44.90999984741211,
2019-06-10,48.14500045776367,47.84124946594238,47.329166412353516,46.90562438964844,46.506499481201175,45.97624969482422,45.660714285714285,0.0,36.422330042791316,107.2032968633777,2.2266755809343963,False,False,44.90999984741211,
2019-06-11,48.70249938964844,48.423749923706055,48.1283327738444,47.672499656677246,47.26499938964844,46.87249946594238,46.365713936941965,0.0,36.422330042791316,108.44466612140252,2.2266755809343963,False,False,44.90999984741211,
2019-06-12,48.54750061035156,48.625,48.46500015258789,48.23312473297119,47.84749984741211,47.47874959309896,47.11178534371512,0.0,36.422330042791316,108.09953412446752,2.2266755809343963,False,False,44.90999984741211,
2019-06-13,48.537498474121094,48.54249954223633,48.59583282470703,48.48312473297119,48.29399948120117,47.96249961853027,47.629999433244976,0.0,36.422330042791316,108.07726261196596,2.2266755809343963,False,False,44.90999984741211,
2019-06-14,48.185001373291016,48.361249923706055,48.423333485921226,48.49312496185303,48.423500061035156,48.27583312988281,47.994285583496094,0.0,36.422330042791316,107.29236592519746,2.2266755809343963,False,False,44.90999984741211,
2019-06-17,48.47249984741211,48.32875061035156,48.39833323160807,48.435625076293945,48.488999938964845,48.431666692097984,48.30392837524414,0.0,36.422330042791316,107.93253175707879,2.2266755809343963,False,False,44.90999984741211,
2019-06-18,49.61249923706055,49.04249954223633,48.756666819254555,48.70187473297119,48.670999908447264,48.6762498219808,48.60035705566406,0.0,36.422330042791316,110.4709405602891,2.2266755809343963,False,False,44.90999984741211,
2019-06-19,49.467498779296875,49.53999900817871,49.184165954589844,48.93437480926514,48.85499954223633,48.80374972025553,48.789285387311665,0.0,36.422330042791316,110.14807158176241,2.2266755809343963,False,False,44.90999984741211,
2019-06-20,49.8650016784668,49.666250228881836,49.64833323160807,49.35437488555908,49.12050018310547,49.02333323160807,48.955357142857146,0.0,36.422330042791316,111.0331815806947,2.2266755809343963,False,False,44.90999984741211,
2019-06-21,49.69499969482422,49.78000068664551,49.67583338419596,49.65999984741211,49.42249984741211,49.21625010172526,49.119285583496094,0.0,36.422330042791316,110.65464231500737,2.2266755809343963,False,False,44.90999984741211,
2019-06-24,49.64500045776367,49.670000076293945,49.73500061035156,49.66812515258789,49.65699996948242,49.4595832824707,49.27750015258789,0.0,36.422330042791316,110.5433102347793,2.2266755809343963,False,False,44.90999984741211,
2019-06-25,48.89250183105469,49.26875114440918,49.410833994547524,49.524375915527344,49.51300048828125,49.5295836130778,49.37857164655413,0.0,36.422330042791316,108.86773991799973,2.2266755809343963,False,False,44.90999984741211,
2019-06-26,49.95000076293945,49.42125129699707,49.49583435058594,49.54562568664551,49.609500885009766,49.58583386739095,49.58964320591518,0.0,36.422330042791316,111.22244696649175,2.2266755809343963,False,False,44.90999984741211,
2019-06-27,49.935001373291016,49.942501068115234,49.59250132242838,49.60562610626221,49.62350082397461,49.663750966389976,49.635714939662385,0.0,36.422330042791316,111.18904819183265,2.2266755809343963,False,False,44.90999984741211,
2019-06-28,49.47999954223633,49.70750045776367,49.788333892822266,49.56437587738037,49.580500793457034,49.5995839436849,49.63750076293945,0.0,36.422330042791316,110.17590672534274,2.2266755809343963,False,False,44.90999984741211,
2019-07-01,50.38750076293945,49.93375015258789,49.9341672261556,49.93812561035156,49.729000854492185,49.715000788370766,49.71214348929269,0.0,36.422330042791316,112.19661753315054,2.2266755809343963,False,False,44.90999984741211,
2019-07-02,50.682498931884766,50.53499984741211,50.18333307902018,50.12125015258789,50.0870002746582,49.88791720072428,49.85321480887277,0.0,36.422330042791316,112.85348275236143,2.2266755809343963,False,False,44.90999984741211,
2019-07-03,51.102500915527344,50.892499923706055,50.72416687011719,50.41312503814697,50.317500305175784,50.25625038146973,50.06142915998186,0.0,36.422330042791316,113.78869091328237,2.2266755809343963,False,False,44.90999984741211,
2019-07-05,51.057498931884766,51.079999923706055,50.94749959309896,50.80749988555908,50.54199981689453,50.44083340962728,50.370714460100444,0.0,36.422330042791316,113.68848609521183,2.2266755809343963,False,False,44.90999984741211,
2019-07-08,50.005001068115234,50.53125,50.721666971842446,50.71187496185303,50.64700012207031,50.45250002543131,50.37857164655413,0.0,36.422330042791316,111.34491480297059,2.2266755809343963,False,False,44.90999984741211,
2019-07-09,50.310001373291016,50.157501220703125,50.45750045776367,50.61875057220459,50.631500244140625,50.59083366394043,50.43214307512556,0.0,36.422330042791316,112.02405153468305,2.2266755809343963,False,False,44.90999984741211,
2019-07-10,50.807498931884766,50.55875015258789,50.374167124430336,50.545000076293945,50.656500244140624,50.66083335876465,50.62178584507534,0.0,36.422330042791316,113.13181719997823,2.2266755809343963,False,False,44.90999984741211,
2019-07-11,50.4375,50.62249946594238,50.518333435058594,50.390000343322754,50.52350006103516,50.62000020345052,50.62892859322684,0.0,36.422330042791316,112.30794961337861,2.2266755809343963,False,False,44.90999984741211,
2019-07-12,50.82500076293945,50.63125038146973,50.68999989827474,50.59500026702881,50.4770004272461,50.5737501780192,50.64928599766323,0.0,36.422330042791316,113.17078809980934,2.2266755809343963,False,False,44.90999984741211,
2019-07-15,51.3025016784668,51.063751220703125,50.855000813802086,50.843125343322754,50.7365005493164,50.61458396911621,50.677857535226,0.0,36.422330042791316,114.2340277282879,2.2266755809343963,False,False,44.90999984741211,
2019-07-16,51.125,51.2137508392334,51.08416748046875,50.92250061035156,50.8995002746582,50.80125045776367,50.687500544956755,0.0,36.422330042791316,113.83878907527101,2.2266755809343963,False,False,44.90999984741211,
2019-07-17,50.837501525878906,50.98125076293945,51.08833440144857,51.02250099182129,50.90550079345703,50.889167149861656,50.80642918178013,0.0,36.422330042791316,113.19862324338968,2.2266755809343963,False,False,44.90999984741211,
2019-07-18,51.415000915527344,51.126251220703125,51.125834147135414,51.17000102996826,51.1010009765625,50.99041748046875,50.96428625924246,0.0,36.422330042791316,114.48452703232437,2.2266755809343963,False,False,44.90999984741211,
2019-07-19,50.647499084472656,51.03125,50.96666717529297,51.00625038146973,51.06550064086914,51.02541732788086,50.941429138183594,0.0,36.422330042791316,112.77554944679245,2.2266755809343963,False,False,44.90999984741211,
2019-07-22,51.80500030517578,51.22624969482422,51.28916676839193,51.17625045776367,51.16600036621094,51.18875058492025,51.13678632463728,0.0,36.422330042791316,115.35292914983386,2.2266755809343963,False,False,44.90999984741211,
2019-07-23,52.209999084472656,52.00749969482422,51.55416615804037,51.51937484741211,51.383000183105466,51.34000015258789,51.33464322771345,0.0,36.422330042791316,116.25473004200245,2.2266755809343963,False,False,44.90999984741211,
2019-07-24,52.16749954223633,52.18874931335449,52.06083297729492,51.707499504089355,51.648999786376955,51.513750076293945,51.4582143511091,0.0,36.422330042791316,116.16009734910394,2.2266755809343963,False,False,44.90999984741211,
2019-07-25,51.755001068115234,51.96125030517578,52.044166564941406,51.984375,51.71699981689453,51.666666666666664,51.54821450369699,0.0,36.422330042791316,115.24159706960579,2.2266755809343963,False,False,44.90999984741211,
2019-07-26,51.935001373291016,51.845001220703125,51.952500661214195,52.01687526702881,51.974500274658205,51.75333340962728,51.70500019618443,0.0,36.422330042791316,115.64239935370145,2.2266755809343963,False,False,44.90999984741211,
2019-07-29,52.41999816894531,52.177499771118164,52.03666687011719,52.06937503814697,52.09749984741211,52.048749923706055,51.848571232386995,0.0,36.422330042791316,116.72232987541629,2.2266755809343963,False,False,44.90999984741211,
2019-07-30,52.19499969482422,52.307498931884766,52.18333307902018,52.076250076293945,52.09449996948242,52.1137498219808,52.06964274815151,0.0,36.422330042791316,116.22133126734336,2.2266755809343963,False,False,44.90999984741211,
2019-07-31,53.2599983215332,52.72749900817871,52.62499872843424,52.45249938964844,52.3129997253418,52.28874969482422,52.277499607631135,0.0,36.422330042791316,118.59273770316491,2.2266755809343963,False,False,44.90999984741211,
2019-08-01,52.10749816894531,52.68374824523926,52.52083206176758,52.49562358856201,52.38349914550781,52.27874946594238,52.26285661969866,0.0,36.422330042791316,116.0264937563743,2.2266755809343963,False,False,44.90999984741211,
2019-08-02,51.005001068115234,51.55624961853027,52.124165852864586,52.14187431335449,52.19749908447265,52.15374946594238,52.096785409109934,100.0,49.993920426696306,0.0,0.0,True,False,,51.005001068115234
2019-08-05,48.334999084472656,49.670000076293945,50.48249944051107,51.1768741607666,51.380499267578124,51.553749084472656,51.60821369716099,100.0,49.993920426696306,0.0,0.0,False,False,,51.005001068115234
2019-08-06,49.25,48.79249954223633,49.53000005086263,50.1743745803833,50.791499328613284,51.0254160563151,51.22464207240513,100.0,49.993920426696306,0.0,0.0,False,False,,51.005001068115234
2019-08-07,49.7599983215332,49.5049991607666,49.11499913533529,49.58749961853027,50.09149932861328,50.61958249409994,50.8446420942034,100.0,49.993920426696306,0.0,0.0,False,False,,51.005001068115234
2019-08-08,50.85749816894531,50.30874824523926,49.955832163492836,49.55062389373779,49.84149932861328,50.21916580200195,50.65357044764927,0.0,49.993920426696306,100.0,1.9662783974903069,False,True,50.85749816894531,
2019-08-09,50.247501373291016,50.552499771118164,50.28833262125651,50.02874946594238,49.689999389648435,49.90916633605957,50.22321374075754,0.0,49.993920426696306,98.80057647816665,1.9662783974903069,False,False,50.85749816894531,
2019-08-12,50.119998931884766,50.18375015258789,50.40833282470703,50.246249198913574,50.04699935913086,49.76166598002116,49.93928527832031,0.0,49.993920426696306,98.54987118200226,1.9662783974903069,False,False,50.85749816894531,
2019-08-13,52.24250030517578,51.18124961853027,50.87000020345052,50.86687469482422,50.64549942016602,50.41291618347168,50.116070883614675,0.0,49.993920426696306,102.7232997809479,1.9662783974903069,False,False,50.85749816894531,
2019-08-14,50.6875,51.46500015258789,51.016666412353516,50.82437515258789,50.830999755859374,50.652499516805015,50.45214244297573,0.0,49.993920426696306,99.66573627278993,1.9662783974903069,False,False,50.85749816894531,
2019-08-15,50.435001373291016,50.56125068664551,51.1216672261556,50.87125015258789,50.746500396728514,50.76500002543131,50.62142835344587,0.0,49.993920426696306,99.16925367769609,1.9662783974903069,False,False,50.85749816894531,
2019-08-16,51.625,51.03000068664551,50.91583379109701,51.2475004196167,51.02200012207031,50.892916997273765,50.887857164655415,0.0,49.993920426696306,101.50912227043709,1.9662783974903069,False,False,50.85749816894531,
2019-08-19,52.587501525878906,52.10625076293945,51.54916763305664,51.33375072479248,51.51550064086914,51.28291702270508,51.13500050136021,0.0,49.993920426696306,103.40166822832424,1.9662783974903069,False,False,50.85749816894531,
