Date,Close,J2,J3,J4,J5,J6,J7,SansTransaction,Mise,Secu,PorteFeuille,NbrAction,Vente,Achat,ValeurAchat,ValeurVente,Scenario1,Scenario1_ssSecu,Scenario1_NbrActionCste
2020-01-07,74.59750366210938,,,,,,,99.51641485220033,0.0,0.0,99.51641485220033,1.3340448401995002,False,True,74.95999908447266,,99.51641485220033,99.51641485220033,99.51641485220033
2020-01-08,75.79750061035156,75.19750213623047,,,,,,101.11726458925797,0.0,0.0,101.11726458925797,1.3340448401995002,False,False,74.95999908447266,,101.11726458925797,101.11726458925797,101.11726458925797
2020-01-09,77.40750122070312,76.60250091552734,75.93416849772136,,,,,103.26507759621552,0.0,0.0,103.26507759621552,1.3340448401995002,False,False,74.95999908447266,,103.26507759621552,103.26507759621552,103.26507759621552
2020-01-10,77.5824966430664,77.49499893188477,76.92916615804036,76.34625053405762,,,,103.49852933647779,0.0,0.0,103.49852933647779,1.3340448401995002,False,False,74.95999908447266,,103.49852933647779,103.49852933647779,103.49852933647779
2020-01-13,79.23999786376953,78.41124725341797,78.07666524251302,77.50687408447266,76.925,,,105.70971028758116,0.0,0.0,105.70971028758116,1.3340448401995002,False,False,74.95999908447266,,105.70971028758116,105.70971028758116,105.70971028758116
2020-01-14,78.16999816894531,78.70499801635742,78.33083089192708,78.0999984741211,77.63949890136719,77.13249969482422,,104.28228271568587,0.0,0.0,104.28228271568587,1.3340448401995002,False,False,74.95999908447266,,104.28228271568587,104.28228271568587,104.28228271568587
2020-01-15,77.83499908447266,78.00249862670898,78.41499837239583,78.20687294006348,78.0469985961914,77.6720822652181,77.23285675048828,103.83537891557357,0.0,0.0,103.83537891557357,1.3340448401995002,False,False,74.95999908447266,,103.83537891557357,103.83537891557357,103.83537891557357
2020-01-16,78.80999755859375,78.3224983215332,78.27166493733723,78.51374816894531,78.32749786376954,78.17416508992513,77.8346415928432,105.1360705991772,0.0,0.0,105.1360705991772,1.3340448401995002,False,False,74.95999908447266,,105.1360705991772,105.1360705991772,105.1360705991772
2020-01-17,79.68250274658203,79.24625015258789,78.77583312988281,78.62437438964844,78.74749908447265,78.55333201090495,78.38964189801898,106.30003164326027,0.0,0.0,106.30003164326027,1.3340448401995002,False,False,74.95999908447266,,106.30003164326027,106.30003164326027,106.30003164326027
2020-01-21,79.14250183105469,79.41250228881836,79.21166737874348,78.86750030517578,78.72799987792969,78.81333287556966,78.6374991280692,105.579646208198,0.0,0.0,105.579646208198,1.3340448401995002,False,False,74.95999908447266,,105.579646208198,105.579646208198,105.579646208198
2020-01-22,79.42500305175781,79.28375244140625,79.41666920979817,79.26500129699707,78.97900085449218,78.8441670735677,78.90071432931083,105.95651550402707,0.0,0.0,105.95651550402707,1.3340448401995002,False,False,74.95999908447266,,105.95651550402707,105.95651550402707,105.95651550402707
2020-01-23,79.80750274658203,79.61625289916992,79.45833587646484,79.51437759399414,79.37350158691406,79.11708450317383,78.9817864554269,106.4667872482852,0.0,0.0,106.4667872482852,1.3340448401995002,False,False,74.95999908447266,,106.4667872482852,106.4667872482852,106.4667872482852
2020-01-24,79.57749938964844,79.69250106811523,79.60333506266277,79.48812675476074,79.527001953125,79.40750122070312,79.18285805838448,106.15995245673938,0.0,0.0,106.15995245673938,1.3340448401995002,False,False,74.95999908447266,,106.15995245673938,106.15995245673938,106.15995245673938
2020-01-27,77.23750305175781,78.40750122070312,78.8741683959961,79.01187705993652,79.03800201416016,79.14541880289714,79.09750148228237,103.03829241609066,0.0,0.0,103.03829241609066,1.3340448401995002,False,False,74.95999908447266,,103.03829241609066,103.03829241609066,103.03829241609066
2020-01-28,79.42250061035156,78.33000183105469,78.74583435058594,79.01125144958496,79.09400177001953,79.10208511352539,79.18500191824776,105.95317713498116,0.0,0.0,105.95317713498116,1.3340448401995002,False,False,74.95999908447266,,105.95317713498116,105.95317713498116,105.95317713498116
2020-01-29,81.08499908447266,80.25374984741211,79.24833424886067,79.33062553405762,79.4260009765625,79.42583465576172,79.38535853794643,108.17102464622195,0.0,0.0,108.17102464622195,1.3340448401995002,False,False,74.95999908447266,,108.17102464622195,108.17102464622195,108.17102464622195
2020-01-30,80.96749877929688,81.02624893188477,80.49166615804036,79.67812538146973,79.65800018310547,79.68291727701823,79.64607238769531,108.01427397038033,0.0,0.0,108.01427397038033,1.3340448401995002,False,False,74.95999908447266,,108.01427397038033,108.01427397038033,108.01427397038033
2020-01-31,77.37750244140625,79.17250061035156,79.81000010172527,79.71312522888184,79.21800079345704,79.2779172261556,79.35357230050224,103.22505787948224,0.0,0.0,103.22505787948224,1.3340448401995002,False,False,74.95999908447266,,103.22505787948224,103.22505787948224,103.22505787948224
2020-02-03,77.16500091552734,77.2712516784668,78.50333404541016,79.14875030517578,79.20350036621093,78.87583414713542,78.976072038923,102.94157131534897,0.0,0.0,102.94157131534897,1.3340448401995002,False,False,74.95999908447266,,102.94157131534897,102.94157131534897,102.94157131534897
2020-02-04,79.7125015258789,78.43875122070312,78.08500162760417,78.80562591552734,79.26150054931641,79.28833389282227,78.99535805838448,106.34005135999354,0.0,0.0,106.34005135999354,1.3340448401995002,False,False,74.95999908447266,,106.34005135999354,106.34005135999354,106.34005135999354
2020-02-05,80.36250305175781,80.03750228881836,79.08000183105469,78.65437698364258,79.11700134277343,79.44500096638997,79.44178662981305,107.2071825417141,0.0,0.0,107.2071825417141,1.3340448401995002,False,False,74.95999908447266,,107.2071825417141,107.2071825417141,107.2071825417141
2020-02-06,81.30249786376953,80.83250045776367,80.45916748046875,79.6356258392334,79.18400115966797,79.48125076293945,79.71035766601562,108.46117777049263,0.0,0.0,108.46117777049263,1.3340448401995002,False,False,74.95999908447266,,108.46117777049263,108.46117777049263,108.46117777049263
2020-02-07,80.00749969482422,80.65499877929688,80.55750020345052,80.34625053405762,79.71000061035156,79.32125091552734,79.55642918178013,106.73359214514333,0.0,0.0,106.73359214514333,1.3340448401995002,False,False,74.95999908447266,,106.73359214514333,106.73359214514333,106.73359214514333
2020-02-10,80.38749694824219,80.1974983215332,80.56583150227864,80.51499938964844,80.35449981689453,79.82291666666667,79.47357177734375,107.24052552035556,0.0,0.0,107.24052552035556,1.3340448401995002,False,False,74.95999908447266,,107.24052552035556,107.24052552035556,107.24052552035556
2020-02-11,79.90249633789062,80.1449966430664,80.09916432698567,80.39999771118164,80.39249877929687,80.27916590372722,79.83428519112724,106.59351295862245,0.0,0.0,106.59351295862245,1.3340448401995002,False,False,74.95999908447266,,106.59351295862245,106.59351295862245,106.59351295862245
2020-02-12,81.80000305175781,80.85124969482422,80.69666544596355,80.52437400817871,80.67999877929688,80.62708282470703,80.49642835344586,109.12487199950088,0.0,0.0,109.12487199950088,1.3340448401995002,False,False,74.95999908447266,,109.12487199950088,109.12487199950088,109.12487199950088
2020-02-13,81.21749877929688,81.50875091552734,80.97333272298177,80.82687377929688,80.66299896240234,80.7695821126302,80.711427961077,108.34778518043021,0.0,0.0,108.34778518043021,1.3340448401995002,False,False,74.95999908447266,,108.34778518043021,108.34778518043021,108.34778518043021
2020-02-14,81.23750305175781,81.22750091552734,81.4183349609375,81.03937530517578,80.90899963378907,80.7587496439616,80.836427961077,108.37447177688865,0.0,0.0,108.37447177688865,1.3340448401995002,False,False,74.95999908447266,,108.37447177688865,108.37447177688865,108.37447177688865
2020-02-18,79.75,80.4937515258789,80.73500061035156,81.00125122070312,80.78150024414063,80.71583302815755,80.61464255196708,106.39007600591015,0.0,0.0,106.39007600591015,1.3340448401995002,False,False,74.95999908447266,,106.39007600591015,106.39007600591015,106.39007600591015
2020-02-19,80.90499877929688,80.32749938964844,80.63083394368489,80.77750015258789,80.98200073242188,80.80208333333333,80.74285670689174,107.93089616786786,0.0,0.0,107.93089616786786,1.3340448401995002,False,False,74.95999908447266,,107.93089616786786,107.93089616786786,107.93089616786786
2020-02-20,80.07499694824219,80.48999786376953,80.24333190917969,80.49187469482422,80.63699951171876,80.8308334350586,80.69821384974888,106.82363650779321,0.0,0.0,106.82363650779321,1.3340448401995002,False,False,74.95999908447266,,106.82363650779321,106.82363650779321,106.82363650779321
2020-02-21,78.26249694824219,79.16874694824219,79.74749755859375,79.74812316894531,80.0459991455078,80.24124908447266,80.46392822265625,104.40568023493162,0.0,0.0,104.40568023493162,1.3340448401995002,False,False,74.95999908447266,,104.40568023493162,104.40568023493162,104.40568023493162
2020-02-24,74.54499816894531,76.40374755859375,77.62749735514323,78.44687271118164,78.7074981689453,79.12916564941406,79.42749895368304,99.44637016996269,99.44637016996269,0.0,0.0,0.0,True,False,,74.54499816894531,99.44637016996269,99.44637016996269,99.44637016996269
2020-02-25,72.0199966430664,73.28249740600586,74.94249725341797,76.22562217712402,77.1614974975586,77.59291458129883,78.11357007707868,96.07790491286806,99.44637016996269,0.0,0.0,0.0,False,False,,74.54499816894531,99.44637016996269,99.44637016996269,99.44637016996269
2020-02-26,73.1624984741211,72.59124755859375,73.24249776204427,74.49749755859375,75.61299743652344,76.49499766031902,76.95999799455915,97.60205358550505,99.44637016996269,0.0,0.0,0.0,False,False,,74.54499816894531,99.44637016996269,99.44637016996269,99.44637016996269
2020-02-27,68.37999725341797,70.77124786376953,71.18749745686848,72.0268726348877,73.2739974975586,74.40749740600586,75.33571188790458,91.22198250877824,99.44637016996269,0.0,0.0,0.0,False,False,,74.54499816894531,99.44637016996269,99.44637016996269,99.44637016996269
2020-02-28,68.33999633789062,68.3599967956543,69.96083068847656,70.47562217712402,71.28949737548828,72.45166397094727,73.54071153913226,91.16861949381573,99.44637016996269,0.0,0.0,0.0,False,False,,74.54499816894531,99.44637016996269,99.44637016996269,99.44637016996269
2020-03-02,74.70249938964844,71.52124786376953,70.47416432698567,71.14624786376953,71.32099761962891,71.85833104451497,72.77321188790458,99.65648386076681,0.0,0.0,99.44637016996269,1.33123216736364,False,True,74.70249938964844,,99.44637016996269,99.44637016996269,99.44637016996269
2020-03-03,72.33000183105469,73.51625061035156,71.79083251953125,70.93812370300293,71.38299865722657,71.48916498819987,71.92571258544922,96.4914657343389,0.0,0.0,96.28802510297098,1.33123216736364,False,False,74.70249938964844,,96.28802510297098,96.28802510297098,96.28802510297098
2020-03-04,75.68499755859375,74.00749969482422,74.23916625976562,72.76437377929688,71.88749847412109,72.0999984741211,72.08856964111328,100.96718047355377,0.0,0.0,100.75430333683856,1.33123216736364,False,False,74.70249938964844,,100.75430333683856,100.75430333683856,100.75430333683856
2020-03-05,73.2300033569336,74.45750045776367,73.74833424886067,73.98687553405762,72.85749969482421,72.11124928792317,72.2614277430943,97.69210812610935,0.0,0.0,97.48613608489734,1.33123216736364,False,False,74.70249938964844,,97.48613608489734,97.48613608489734,97.48613608489734
2020-03-06,72.25749969482422,72.7437515258789,73.72416687011719,73.37562561035156,73.64100036621093,72.75749969482422,72.13214220319476,96.39474463359721,0.0,0.0,96.1915079270184,1.33123216736364,False,False,74.70249938964844,,96.1915079270184,96.1915079270184,96.1915079270184
2020-03-09,66.5425033569336,69.4000015258789,70.67666880289714,71.92875099182129,72.00900115966797,72.45791753133138,71.86964307512555,88.77068325727518,0.0,0.0,88.583520965653,1.33123216736364,False,False,74.70249938964844,,88.583520965653,88.583520965653,88.583520965653
2020-03-10,71.33499908447266,68.93875122070312,70.04500071207683,70.84125137329102,71.81000061035157,71.89666748046875,72.29750061035156,95.16408745427682,0.0,0.0,94.96344544010582,1.33123216736364,False,False,74.70249938964844,,94.96344544010582,94.96344544010582,94.96344544010582
2020-03-11,68.85749816894531,70.09624862670898,68.91166687011719,69.74812507629395,70.44450073242187,71.31791687011719,71.4625004359654,91.85899014132802,0.0,0.0,91.66531652668294,1.33123216736364,False,False,74.70249938964844,,91.66531652668294,91.66531652668294,91.66531652668294
2020-03-12,62.057498931884766,65.45749855041504,67.4166653951009,67.19812488555908,68.2099998474121,69.04666709899902,69.99500002179828,82.78748624576687,0.0,0.0,82.61293880425973,1.33123216736364,False,False,74.70249938964844,,82.61293880425973,82.61293880425973,82.61293880425973
2020-03-13,69.49250030517578,65.77499961853027,66.80249913533528,67.93562412261963,67.65699996948243,68.42374992370605,69.11035755702427,92.70611146468194,0.0,0.0,92.51065179677757,1.33123216736364,False,False,74.70249938964844,,92.51065179677757,92.51065179677757,92.51065179677757
2020-03-16,60.5525016784668,65.02250099182129,64.03416697184245,65.23999977111816,66.45899963378906,66.47291692097981,67.29928588867188,80.7797524253302,80.6094380487158,0.0,0.0,0.0,True,False,,60.5525016784668,80.6094380487158,80.6094380487158,80.6094380487158
2020-03-17,63.21500015258789,61.883750915527344,64.42000071207683,63.82937526702881,64.8349998474121,65.91833305358887,66.00750023978097,84.33164477677049,80.6094380487158,0.0,0.0,0.0,False,False,,60.5525016784668,80.6094380487158,80.6094380487158,80.6094380487158
2020-03-18,61.66749954223633,62.44124984741211,61.811667124430336,63.7318754196167,63.39700012207031,64.30708312988281,65.31107112339565,82.26720957232541,0.0,0.0,80.6094380487158,1.3071624218119313,False,True,61.66749954223633,,80.6094380487158,80.6094380487158,80.6094380487158
2020-03-19,61.19499969482422,61.43124961853027,62.02583312988281,61.65750026702881,63.224500274658205,63.03000005086263,63.8624997820173,81.63687358889024,0.0,0.0,79.99180400386682,1.3071624218119313,False,False,61.66749954223633,,79.99180400386682,79.99180400386682,79.99180400386682
2020-03-20,57.310001373291016,59.25250053405762,60.05750020345052,60.84687519073486,60.78800048828125,62.23875045776367,62.21285738263811,76.45411162386515,0.0,0.0,74.91348018915619,1.3071624218119313,False,False,61.66749954223633,,74.91348018915619,74.91348018915619,74.91348018915619
2020-03-23,56.092498779296875,56.701250076293945,58.19916661580404,59.06624984741211,59.895999908447266,60.00541687011719,61.36071450369699,74.82990857041776,0.0,0.0,73.3220065498285,1.3071624218119313,False,False,61.66749954223633,,73.3220065498285,73.3220065498285,73.3220065498285
2020-03-24,61.720001220703125,58.90625,58.374167124430336,59.07937526702881,59.59700012207031,60.20000012715658,60.250357491629465,82.33724916558586,0.0,0.0,80.67806626988965,1.3071624218119313,False,False,61.66749954223633,,80.67806626988965,80.67806626988965,80.67806626988965
2020-03-25,61.380001068115234,61.55000114440918,59.73083368937174,59.12562561035156,59.5395004272461,59.89416694641113,60.36857169015067,81.88367371635894,0.0,0.0,80.23363084701644,1.3071624218119313,False,False,61.66749954223633,,80.23363084701644,80.23363084701644,80.23363084701644
2020-03-26,64.61000061035156,62.9950008392334,62.570000966389976,60.9506254196167,60.22250061035156,60.38458379109701,60.567857469831196,86.19263793952607,0.0,0.0,84.45576487109751,1.3071624218119313,False,False,61.66749954223633,,84.45576487109751,84.45576487109751,84.45576487109751
2020-03-27,61.935001373291016,63.27250099182129,62.64166768391927,62.411251068115234,61.147500610351564,60.507917404174805,60.606072017124724,82.62406900978785,0.0,0.0,80.95910639003638,1.3071624218119313,False,False,61.66749954223633,,80.95910639003638,80.95910639003638,80.95910639003638
2020-03-30,63.70249938964844,62.81875038146973,63.41583379109701,62.90687561035156,62.669500732421874,61.573333740234375,60.96428625924246,84.98199061857231,0.0,0.0,83.26951337764592,1.3071624218119313,False,False,61.66749954223633,,83.26951337764592,83.26951337764592,83.26951337764592
2020-03-31,63.5724983215332,63.63749885559082,63.06999969482422,63.454999923706055,63.04000015258789,62.820000330607094,61.85892868041992,84.80856336443276,0.0,0.0,83.09958086661028,1.3071624218119313,False,False,61.66749954223633,,83.09958086661028,83.09958086661028,83.09958086661028
2020-04-01,60.227500915527344,61.89999961853027,62.500832875569664,62.359375,62.80950012207031,62.57125027974447,62.44964327130999,80.34618683446993,0.0,0.0,78.72712595642103,1.3071624218119313,False,False,61.66749954223633,,78.72712595642103,78.72712595642103,78.72712595642103
2020-04-02,61.23249816894531,60.72999954223633,61.67749913533529,62.183749198913574,62.13399963378906,62.54666646321615,62.37999997820173,81.68689823480683,0.0,0.0,80.04082060011321,1.3071624218119313,False,False,61.66749954223633,,80.04082060011321,80.04082060011321,80.04082060011321
2020-04-03,60.352500915527344,60.79249954223633,60.604166666666664,61.3462495803833,61.81749954223633,61.837083180745445,62.23321424211775,80.51294243949486,0.0,0.0,78.89052125914752,1.3071624218119313,False,False,61.66749954223633,,78.89052125914752,78.89052125914752,78.89052125914752
2020-04-06,65.61750030517578,62.98500061035156,62.40083312988281,61.857500076293945,62.2004997253418,62.450833002726235,62.37714276994978,87.53668770890889,0.0,0.0,85.77273061215871,1.3071624218119313,False,False,61.66749954223633,,85.77273061215871,85.77273061215871,85.77273061215871
2020-04-07,64.85749816894531,65.23749923706055,63.60916646321615,63.01499938964844,62.45749969482422,62.64333279927572,62.794642312186106,86.52281078053002,0.0,0.0,84.77928437918146,1.3071624218119313,False,False,61.66749954223633,,84.77928437918146,84.77928437918146,84.77928437918146
2020-04-08,66.51750183105469,65.6875,65.66416676839192,64.33625030517578,63.71549987792969,63.1341667175293,63.19678551810129,88.73733010067932,0.0,0.0,86.94917878636102,1.3071624218119313,False,False,61.66749954223633,,86.94917878636102,86.94917878636102,86.94917878636102
2020-04-09,66.99749755859375,66.75749969482422,66.12416585286458,65.99749946594238,64.86849975585938,64.2624994913737,63.68607112339565,89.37766592432061,0.0,0.0,87.57661116403037,1.3071624218119313,False,False,61.66749954223633,,87.57661116403037,87.57661116403037,87.57661116403037
2020-04-13,68.3125,67.65499877929688,67.27583312988281,66.67124938964844,66.4604995727539,65.44249979654948,64.84107099260602,91.13193814612836,0.0,0.0,89.29553294002756,1.3071624218119313,False,False,61.66749954223633,,89.29553294002756,89.29553294002756,89.29553294002756
2020-04-14,71.76249694824219,70.0374984741211,69.02416483561198,68.39749908447266,67.68949890136719,67.34416580200195,66.34535653250558,95.73438877363488,0.0,0.0,93.80523930613559,1.3071624218119313,False,False,61.66749954223633,,93.80523930613559,93.80523930613559,93.80523930613559
2020-04-15,71.10749816894531,71.43499755859375,70.3941650390625,69.54499816894531,68.93949890136719,68.25916544596355,67.88178471156529,94.8605910317769,0.0,0.0,92.94904951550603,1.3071624218119313,False,False,61.66749954223633,,92.94904951550603,92.94904951550603,92.94904951550603
2020-04-16,71.67250061035156,71.38999938964844,71.51416524251302,70.71374893188477,69.97049865722656,69.39499918619792,68.74678475516183,95.61432962343503,0.0,0.0,93.68759947514427,1.3071624218119313,False,False,61.66749954223633,,93.68759947514427,93.68759947514427,93.68759947514427
2020-04-17,70.69999694824219,71.18624877929688,71.15999857584636,71.31062316894531,70.71099853515625,70.09208170572917,69.58142743791852,94.3169661309229,0.0,0.0,92.41637923296041,1.3071624218119313,False,False,61.66749954223633,,92.41637923296041,92.41637923296041,92.41637923296041
2020-04-20,69.23249816894531,69.96624755859375,70.53499857584636,70.6781234741211,70.8949981689453,70.46458180745442,69.96928405761719,92.35925695640285,0.0,0.0,90.49811997460866,1.3071624218119313,False,False,61.66749954223633,,90.49811997460866,90.49811997460866,90.49811997460866
2020-04-21,67.09249877929688,68.1624984741211,69.00833129882812,69.67437362670898,69.96099853515625,70.26124827067058,69.98285566057477,89.50440181261226,0.0,0.0,87.70079318975975,1.3071624218119313,False,False,61.66749954223633,,87.70079318975975,87.70079318975975,87.70079318975975
2020-04-22,69.0250015258789,68.05875015258789,68.4499994913737,69.01249885559082,69.54449920654297,69.80499903361003,70.0846415928432,92.08244713036139,0.0,0.0,90.22688816014012,1.3071624218119313,False,False,61.66749954223633,,90.22688816014012,90.22688816014012,90.22688816014012
2020-04-23,68.75749969482422,68.89125061035156,68.29166666666667,68.52687454223633,68.9614990234375,69.41333262125652,69.65535627092633,91.72558769289896,0.0,0.0,89.87721981881955,1.3071624218119313,False,False,61.66749954223633,,89.87721981881955,89.87721981881955,89.87721981881955
2020-04-24,70.74250030517578,69.75,69.50833384195964,68.90437507629395,68.96999969482422,69.25833257039388,69.60321371895927,94.37366751493131,0.0,0.0,92.47193802394486,1.3071624218119313,False,False,61.66749954223633,,92.47193802394486,92.47193802394486,92.47193802394486
2020-04-27,70.7925033569336,70.76750183105469,70.09750111897786,69.82937622070312,69.28200073242188,69.27375030517578,69.47749982561383,94.44037382812306,0.0,0.0,92.5373001341786,1.3071624218119313,False,False,61.66749954223633,,92.5373001341786,92.5373001341786,92.5373001341786
2020-04-28,69.6449966430664,70.21875,70.3933334350586,69.984375,69.79250030517578,69.34250005086263,69.32678549630302,92.90954841739425,0.0,0.0,91.03732247903451,1.3071624218119313,False,False,61.66749954223633,,91.03732247903451,91.03732247903451,91.03732247903451
2020-04-29,71.93250274658203,70.78874969482422,70.79000091552734,70.77812576293945,70.3740005493164,70.14916737874348,69.7125004359654,95.96118413171413,0.0,0.0,94.02746449721558,1.3071624218119313,False,False,61.66749954223633,,94.02746449721558,94.02746449721558,94.02746449721558
2020-04-30,73.44999694824219,72.69124984741211,71.6758321126302,71.45499992370605,71.3125,70.88666661580403,70.62071446010044,97.98558944147153,0.0,0.0,96.01107589294323,1.3071624218119313,False,False,61.66749954223633,,96.01107589294323,96.01107589294323,96.01107589294323
2020-05-01,72.26750183105469,72.85874938964844,72.5500005086263,71.82374954223633,71.61750030517578,71.47166697184245,71.08392878941127,96.40808793182644,0.0,0.0,94.46536271177963,1.3071624218119313,False,False,61.66749954223633,,94.46536271177963,94.46536271177963,94.46536271177963
2020-05-04,73.29000091552734,72.77875137329102,73.00249989827473,72.73500061035156,72.11699981689453,71.89625040690105,71.73142896379743,97.7721475595759,0.0,0.0,95.80193509133939,1.3071624218119313,False,False,61.66749954223633,,95.80193509133939,95.80193509133939,95.80193509133939
2020-05-05,74.38999938964844,73.84000015258789,73.31583404541016,73.34937477111816,73.06600036621094,72.49583307902019,72.25250026157924,99.23959484820446,0.0,0.0,97.23981176076094,1.3071624218119313,False,False,61.66749954223633,,97.23981176076094,97.23981176076094,97.23981176076094
2020-05-06,75.15750122070312,74.77375030517578,74.27916717529297,73.7762508392334,73.71100006103515,73.41458384195964,72.87607138497489,100.26347670576664,0.0,0.0,98.24306131298748,1.3071624218119313,False,False,61.66749954223633,,98.24306131298748,98.24306131298748,98.24306131298748
2020-05-07,75.93499755859375,75.54624938964844,75.16083272298177,74.69312477111816,74.20800018310547,74.08166631062825,73.77464294433594,101.30069168360363,0.0,0.0,99.2593753089745,1.3071624218119313,False,False,61.66749954223633,,99.2593753089745,99.2593753089745,99.2593753089745
2020-05-08,77.53250122070312,76.73374938964844,76.20833333333333,75.75374984741211,75.26100006103516,74.76208368937175,74.57464272635323,103.43183320124045,0.0,0.0,101.34757206479082,1.3071624218119313,False,False,61.66749954223633,,101.34757206479082,101.34757206479082,101.34757206479082
2020-05-11,78.75250244140625,78.14250183105469,77.4066670735677,76.84437561035156,76.35350036621094,75.84291712443034,75.33214351109096,105.05936953475656,0.0,0.0,102.94231181505863,1.3071624218119313,False,False,61.66749954223633,,102.94231181505863,102.94231181505863,102.94231181505863
2020-05-12,77.85250091552734,78.3025016784668,78.04583485921223,77.51812553405762,77.04600067138672,76.603333791097,76.13000052315849,103.85872714298611,0.0,0.0,101.76586364085632,1.3071624218119313,False,False,61.66749954223633,,101.76586364085632,101.76586364085632,101.76586364085632
2020-05-13,76.9124984741211,77.38249969482422,77.83916727701823,77.76250076293945,77.39700012207031,77.02375030517578,76.64750017438617,102.60472173625318,0.0,0.0,100.5371277730386,1.3071624218119313,False,False,61.66749954223633,,100.5371277730386,100.5371277730386,100.5371277730386
2020-05-14,77.38500213623047,77.14875030517578,77.38333384195964,77.72562599182129,77.68700103759765,77.39500045776367,77.07535770961216,103.23506280866556,0.0,0.0,101.1547668043165,1.3071624218119313,False,False,61.66749954223633,,101.1547668043165,101.1547668043165,101.1547668043165
2020-05-15,76.92749786376953,77.15625,77.0749994913737,77.26937484741211,77.56600036621094,77.56041717529297,77.32821437290737,102.62473159461982,0.0,0.0,100.55673441153715,1.3071624218119313,False,False,61.66749954223633,,100.55673441153715,100.55673441153715,100.55673441153715
2020-05-18,78.73999786376953,77.83374786376953,77.68416595458984,77.49124908447266,77.5634994506836,77.76166661580403,77.7289287022182,105.0426878674814,0.0,0.0,102.92596630107128,1.3071624218119313,False,False,61.66749954223633,,102.92596630107128,102.92596630107128,102.92596630107128
2020-05-19,78.28500366210938,78.51250076293945,77.98416646321614,77.83437538146973,77.65,77.68375015258789,77.83642905099052,104.43570520043599,0.0,0.0,102.3312149785188,1.3071624218119313,False,False,61.66749954223633,,102.3312149785188,102.3312149785188,102.3312149785188
2020-05-20,79.80750274658203,79.0462532043457,78.94416809082031,78.44000053405762,78.22900085449218,78.009583791097,77.98714338030133,106.4667872482852,0.0,0.0,104.32136856898452,1.3071624218119313,False,False,61.66749954223633,,104.32136856898452,104.32136856898452,104.32136856898452
2020-05-21,79.2125015258789,79.51000213623047,79.10166931152344,79.01125144958496,78.59450073242188,78.39291763305664,78.18142918178013,105.6730289398938,0.0,0.0,103.54360533234917,1.3071624218119313,False,False,61.66749954223633,,103.54360533234917,103.54360533234917,103.54360533234917
2020-05-22,79.72250366210938,79.46750259399414,79.58083597819011,79.25687789916992,79.15350189208985,78.78250122070312,78.58285849434989,106.35339465822277,0.0,0.0,104.21026095987345,1.3071624218119313,False,False,61.66749954223633,,104.21026095987345,104.21026095987345,104.21026095987345
2020-05-26,79.18250274658203,79.4525032043457,79.37250264485677,79.48125267028809,79.24200286865235,79.15833536783855,78.83964429582868,105.63300922316051,0.0,0.0,103.50439205535207,1.3071624218119313,False,False,61.66749954223633,,103.50439205535207,103.50439205535207,103.50439205535207
2020-05-27,79.52749633789062,79.35499954223633,79.47750091552734,79.41125106811523,79.4905014038086,79.28958511352539,79.21107264927456,106.09324614354763,0.0,0.0,103.95535471367661,1.3071624218119313,False,False,61.66749954223633,,103.95535471367661,103.95535471367661,103.95535471367661
2020-05-28,79.5625,79.54499816894531,79.42416636149089,79.49875068664551,79.44150085449219,79.5025011698405,79.32857295445034,106.13994259837274,0.0,0.0,104.00111018541179,1.3071624218119313,False,False,61.66749954223633,,104.00111018541179,104.00111018541179,104.00111018541179
2020-05-29,79.48500061035156,79.52375030517578,79.52499898274739,79.43937492370605,79.49600067138672,79.44875081380208,79.50000108991351,106.03655493749362,0.0,0.0,103.89980589554999,1.3071624218119313,False,False,61.66749954223633,,103.89980589554999,103.89980589554999,103.89980589554999
2020-06-01,80.4625015258789,79.97375106811523,79.83666737874348,79.75937461853027,79.64400024414063,79.65708414713542,79.59357234409877,107.34058499014317,0.0,0.0,105.1775583596141,1.3071624218119313,False,False,61.66749954223633,,105.1775583596141,105.1775583596141,105.1775583596141
2020-06-02,80.83499908447266,80.64875030517578,80.26083374023438,80.08625030517578,79.97449951171875,79.84250005086263,79.82535770961216,107.83751343617207,0.0,0.0,105.66447317042453,1.3071624218119313,False,False,61.66749954223633,,105.66447317042453,105.66447317042453,105.66447317042453
2020-06-03,81.27999877929688,81.05749893188477,80.85916646321614,80.515625,80.325,80.19208272298177,80.04785701206752,108.43116298294267,0.0,0.0,106.24616004921653,1.3071624218119313,False,False,61.66749954223633,,106.24616004921653,106.24616004921653,106.24616004921653
2020-06-04,80.58000183105469,80.93000030517578,80.89833323160808,80.78937530517578,80.52850036621093,80.36750030517578,80.24749973842076,107.49733566598478,0.0,0.0,105.33115034309131,1.3071624218119313,False,False,61.66749954223633,,105.33115034309131,105.33115034309131,105.33115034309131
2020-06-05,82.875,81.72750091552734,81.57833353678386,81.39249992370605,81.20650024414063,80.91958363850911,80.72571454729352,110.55896613153358,0.0,0.0,108.3310857076638,1.3071624218119313,False,False,61.66749954223633,,108.3310857076638,108.3310857076638,108.3310857076638
2020-06-08,83.36499786376953,83.11999893188477,82.27333323160808,82.02499961853027,81.78699951171875,81.56624984741211,81.26892852783203,111.2126452534041,0.0,0.0,108.97159250195146,1.3071624218119313,False,False,61.66749954223633,,108.97159250195146,108.97159250195146,108.97159250195146
2020-06-09,85.99749755859375,84.68124771118164,84.07916514078777,83.20437431335449,82.81949920654297,82.48874918619792,82.19928523472377,114.72451788811111,0.0,0.0,112.41269717845705,1.3071624218119313,False,False,61.66749954223633,,112.41269717845705,112.41269717845705,112.41269717845705
2020-06-10,88.20999908447266,87.1037483215332,85.85749816894531,85.11187362670898,84.20549926757812,83.71791585286458,83.30607060023716,117.67609413264339,0.0,0.0,115.30479603128752,1.3071624218119313,False,False,61.66749954223633,,115.30479603128752,115.30479603128752,115.30479603128752
2020-06-11,83.9749984741211,86.09249877929688,86.06083170572917,85.38687324523926,84.8844985961914,84.16708246866862,83.75464194161552,112.02641342016214,0.0,0.0,109.76896237708537,1.3071624218119313,False,False,61.66749954223633,,109.76896237708537,109.76896237708537,109.76896237708537
2020-06-12,84.69999694824219,84.33749771118164,85.62833150227864,85.72062301635742,85.24949798583984,84.8537483215332,84.2432131086077,112.99359389371591,0.0,0.0,110.71665313832744,1.3071624218119313,False,False,61.66749954223633,,110.71665313832744,110.71665313832744,110.71665313832744
2020-06-15,85.74749755859375,85.22374725341797,84.80749766031902,85.65812301635742,85.72599792480469,85.33249791463216,84.98142678397042,114.39100667806123,0.0,0.0,112.08590657300408,1.3071624218119313,False,False,61.66749954223633,,112.08590657300408,112.08590657300408,112.08590657300408
2020-06-16,88.0199966430664,86.88374710083008,86.15583038330078,85.61062240600586,86.13049774169922,86.10833104451497,85.71642630440849,117.42262235606007,0.0,0.0,115.05643197982874,1.3071624218119313,False,False,61.66749954223633,,115.05643197982874,115.05643197982874,115.05643197982874
2020-06-17,87.89749908447266,87.95874786376953,87.22166442871094,86.59124755859375,86.06799774169922,86.4249979654948,86.36392647879464,117.25920512008103,0.0,0.0,114.8963077744713,1.3071624218119313,False,False,61.66749954223633,,114.8963077744713,114.8963077744713,114.8963077744713
2020-06-18,87.93250274658203,87.91500091552734,87.9499994913737,87.39937400817871,86.8594985961914,86.37874857584636,86.6403557913644,117.30590157490614,0.0,0.0,114.94206324620647,1.3071624218119313,False,False,61.66749954223633,,114.94206324620647,114.94206324620647,114.94206324620647
2020-06-19,87.43000030517578,87.6812515258789,87.75333404541016,87.81999969482422,87.40549926757812,86.95458221435547,86.52892739432198,116.63554078576048,0.0,0.0,114.28521093793147,1.3071624218119313,False,False,61.66749954223633,,114.28521093793147,114.28521093793147,114.28521093793147
2020-06-22,89.71749877929688,88.57374954223633,88.36000061035156,88.24437522888184,88.19949951171876,87.79083251953125,87.34928458077567,119.68716632212596,0.0,0.0,117.27534298325469,1.3071624218119313,False,False,61.66749954223633,,117.27534298325469,117.27534298325469,117.27534298325469
2020-06-23,91.63249969482422,90.67499923706055,89.5933329264323,89.17812538146973,88.92200012207032,88.771666208903,88.33964211600167,122.24186341246252,0.0,0.0,119.77856021776748,1.3071624218119313,False,False,61.66749954223633,,119.77856021776748,119.77856021776748,119.77856021776748
2020-06-24,90.01499938964844,90.82374954223633,90.45499928792317,89.69874954223633,89.34550018310547,89.10416666666667,88.94928523472377,120.08404547632166,0.0,0.0,117.66422460157237,1.3071624218119313,False,False,61.66749954223633,,117.66422460157237,117.66422460157237,117.66422460157237
2020-06-25,91.20999908447266,90.61249923706055,90.95249938964844,90.64374923706055,90.0009994506836,89.65625,89.40499986921039,121.67822865324189,0.0,0.0,119.22628329672331,1.3071624218119313,False,False,61.66749954223633,,119.22628329672331,119.22628329672331,119.22628329672331
2020-06-26,88.40750122070312,89.80875015258789,89.87749989827473,90.31624984741211,90.19649963378906,89.73541641235352,89.4778573172433,117.93957083841002,0.0,0.0,115.56296340199557,1.3071624218119313,False,False,61.66749954223633,,115.56296340199557,115.56296340199557,115.56296340199557
2020-06-29,90.44499969482422,89.42625045776367,90.02083333333333,90.01937484741211,90.34199981689453,90.23791631062825,89.83678545270648,120.65768516472562,0.0,0.0,118.22630484186581,1.3071624218119313,False,False,61.66749954223633,,118.22630484186581,118.22630484186581,118.22630484186581
2020-06-30,91.19999694824219,90.8224983215332,90.01749928792317,90.31562423706055,90.25549926757813,90.48499933878581,90.37535640171596,121.66488535501266,0.0,0.0,119.213208880105,1.3071624218119313,False,False,61.66749954223633,,119.213208880105,119.213208880105,119.213208880105
2020-07-01,91.02749633789062,91.1137466430664,90.89083099365234,90.26999855041504,90.45799865722657,90.38416544596355,90.56249891008649,121.43476180584189,0.0,0.0,118.98772256451382,1.3071624218119313,False,False,61.66749954223633,,118.98772256451382,118.98772256451382,118.98772256451382
2020-07-02,91.02749633789062,91.02749633789062,91.08499654134114,90.92499732971191,90.42149810791015,90.55291493733723,90.47606985909599,121.43476180584189,0.0,0.0,118.98772256451382,1.3071624218119313,False,False,61.66749954223633,,118.98772256451382,118.98772256451382,118.98772256451382
2020-07-06,93.4625015258789,92.24499893188477,91.83916473388672,91.67937278747559,91.43249816894532,90.92833201090495,90.96857016427177,124.68316791273666,0.0,0.0,122.1706698431692,1.3071624218119313,False,False,61.66749954223633,,122.1706698431692,122.1706698431692,122.1706698431692
2020-07-07,93.17250061035156,93.31750106811523,92.55416615804036,92.17249870300293,91.97799835205078,91.72249857584636,91.24892752511161,124.29629368772429,0.0,0.0,121.7915915441008,1.3071624218119313,False,False,61.66749954223633,,121.7915915441008,121.7915915441008,121.7915915441008
2020-07-08,95.34249877929688,94.25749969482422,93.99250030517578,93.25124931335449,92.80649871826172,92.53874842325847,92.23964146205357,127.19116854824814,0.0,0.0,124.6281316059468,1.3071624218119313,False,False,61.66749954223633,,124.6281316059468,124.6281316059468,124.6281316059468
2020-07-09,95.75250244140625,95.54750061035156,94.75583394368489,94.4325008392334,93.75149993896484,93.29749933878581,92.99785614013672,127.73813181814805,0.0,0.0,125.16407298586147,1.3071624218119313,False,False,61.66749954223633,,125.16407298586147,125.16407298586147,125.16407298586147
2020-07-10,95.91999816894531,95.83625030517578,95.67166646321614,95.046875,94.73000030517578,94.11291631062825,93.6721420288086,127.961578629227,0.0,0.0,125.38301710671458,1.3071624218119313,False,False,61.66749954223633,,125.38301710671458,125.38301710671458,125.38301710671458
2020-07-13,95.47750091552734,95.69874954223633,95.71666717529297,95.62312507629395,95.13300018310547,94.85458374023438,94.30785696847099,127.3712674515023,0.0,0.0,124.80460132529161,1.3071624218119313,False,False,61.66749954223633,,124.80460132529161,124.80460132529161,124.80460132529161
2020-07-14,97.05750274658203,96.26750183105469,96.15166727701823,96.05187606811523,95.91000061035156,95.45375061035156,95.1692864554269,129.47906074172658,0.0,0.0,126.86992034524035,1.3071624218119313,False,False,61.66749954223633,,126.86992034524035,126.86992034524035,126.86992034524035
2020-07-15,97.7249984741211,97.39125061035156,96.75333404541016,96.54500007629395,96.38650054931641,96.21250025431316,95.77821459089007,130.36952997290527,0.0,0.0,127.74244567699942,1.3071624218119313,False,False,61.66749954223633,,127.74244567699942,127.74244567699942,127.74244567699942
2020-07-16,96.52249908447266,97.12374877929688,97.10166676839192,96.69562530517578,96.54049987792969,96.40916697184245,96.2567858014788,128.76534186680172,0.0,0.0,126.1705836625992,1.3071624218119313,False,False,61.66749954223633,,126.1705836625992,126.1705836625992,126.1705836625992
2020-07-17,96.32749938964844,96.42499923706055,96.85833231608073,96.90812492370605,96.62200012207032,96.50499979654948,96.39750017438617,128.505203530081,0.0,0.0,125.91568738926019,1.3071624218119313,False,False,61.66749954223633,,125.91568738926019,125.91568738926019,125.91568738926019
2020-07-20,98.35749816894531,97.34249877929688,97.0691655476888,97.23312377929688,97.1979995727539,96.91124979654948,96.76964242117745,131.21331292721328,0.0,0.0,128.56922550988116,1.3071624218119313,False,False,61.66749954223633,,128.56922550988116,128.56922550988116,128.56922550988116
2020-07-21,97.0,97.67874908447266,97.22833251953125,97.0518741607666,97.1864990234375,97.1649996439616,96.92392839704242,129.40234949935152,0.0,0.0,126.79475491575734,1.3071624218119313,False,False,61.66749954223633,,126.79475491575734,126.79475491575734,126.79475491575734
2020-07-22,97.27249908447266,97.13624954223633,97.54333241780598,97.2393741607666,97.09599914550782,97.20083236694336,97.18035670689174,129.76587549695137,0.0,0.0,127.15095547895815,1.3071624218119313,False,False,61.66749954223633,,127.15095547895815,127.15095547895815,127.15095547895815
2020-07-23,92.84500122070312,95.05875015258789,95.7058334350586,96.36874961853027,96.36049957275391,96.3874994913737,96.57857077462333,123.8593948167953,0.0,0.0,121.36349664878601,1.3071624218119313,False,False,61.66749954223633,,121.36349664878601,121.36349664878601,121.36349664878601
2020-07-24,92.61499786376953,92.72999954223633,94.24416605631511,94.93312454223633,95.61799926757813,95.73624928792317,95.84857068743024,123.55256002524948,0.0,0.0,121.06284490371182,1.3071624218119313,False,False,61.66749954223633,,121.06284490371182,121.06284490371182,121.06284490371182
2020-07-27,94.80999755859375,93.71249771118164,93.42333221435547,94.38562393188477,94.90849914550782,95.48333231608073,95.60392761230469,126.4807880423692,0.0,0.0,123.9320660206747,1.3071624218119313,False,False,61.66749954223633,,123.9320660206747,123.9320660206747,123.9320660206747
2020-07-28,93.25250244140625,94.03125,93.55916595458984,93.38062477111816,94.15899963378907,94.63249969482422,95.16464233398438,124.4030197176493,0.0,0.0,121.89616693133163,1.3071624218119313,False,False,61.66749954223633,,121.89616693133163,121.89616693133163,121.89616693133163
2020-07-29,95.04000091552734,94.1462516784668,94.36750030517578,93.92937469482422,93.7125,94.30583318074544,94.69071415492466,126.78762283391502,0.0,0.0,124.23271776574889,1.3071624218119313,False,False,61.66749954223633,,124.23271776574889,124.23271776574889,124.23271776574889
2020-07-30,96.19000244140625,95.6150016784668,94.82750193277995,94.8231258392334,94.38150024414062,94.1254170735677,94.5750002179827,128.32177643573533,0.0,0.0,125.73595654540418,1.3071624218119313,False,False,61.66749954223633,,125.73595654540418,125.73595654540418,125.73595654540418
2020-07-31,106.26000213623047,101.22500228881836,99.16333516438802,97.68562698364258,97.11050109863281,96.36125055948894,95.85892922537667,141.75560756942613,0.0,0.0,138.89908173413602,1.3071624218119313,False,False,61.66749954223633,,138.89908173413602,138.89908173413602,138.89908173413602
2020-08-03,108.9375,107.59875106811523,103.79583485921223,101.60687637329102,99.93600158691406,99.08166758219402,98.15785762241909,145.32750977923305,0.0,0.0,142.39900632613725,1.3071624218119313,False,False,61.66749954223633,,142.39900632613725,142.39900632613725,142.39900632613725
2020-08-04,109.66500091552734,109.30125045776367,108.28750101725261,105.26312637329102,103.21850128173828,101.55750147501628,100.59357234409877,146.2980286218327,0.0,0.0,143.34996818474838,1.3071624218119313,False,False,61.66749954223633,,143.34996818474838,143.34996818474838,143.34996818474838
2020-08-05,110.0625,109.86375045776367,109.55500030517578,108.73125076293945,106.2230010986328,104.3591677347819,102.77250126429966,146.82831022445748,0.0,0.0,143.86956405067568,1.3071624218119313,False,False,61.66749954223633,,143.86956405067568,143.86956405067568,143.86956405067568
2020-08-06,113.90249633789062,111.98249816894531,111.20999908447266,110.64187431335449,109.76549987792968,107.50291697184245,105.72250039236886,151.95103752540547,0.0,0.0,148.88906296346175,1.3071624218119313,False,False,61.66749954223633,,148.88906296346175,148.88906296346175,148.88906296346175
2020-08-07,111.11250305175781,112.50749969482422,111.69249979654948,111.18562507629395,110.73600006103516,109.99000040690105,108.01857212611607,148.22906137784872,0.0,0.0,145.24208858272135,1.3071624218119313,False,False,61.66749954223633,,145.24208858272135,145.24208858272135,145.24208858272135
2020-08-10,112.72750091552734,111.92000198364258,112.5808334350586,111.95125007629395,111.49400024414062,111.06791687011719,110.38107190813336,150.3835409449437,0.0,0.0,147.35315310154743,1.3071624218119313,False,False,61.66749954223633,,147.35315310154743,147.35315310154743,147.35315310154743
2020-08-11,109.375,111.05125045776367,111.07166798909505,111.77937507629395,111.43600006103516,111.14083353678386,110.82607160295758,145.91115439682034,0.0,0.0,142.97088988567998,1.3071624218119313,False,False,61.66749954223633,,142.97088988567998,142.97088988567998,142.97088988567998
2020-08-12,113.01000213623047,111.19250106811523,111.70416768391927,111.5562515258789,112.02550048828125,111.69833374023438,111.40785762241909,150.76041024077276,0.0,0.0,147.72242808136656,1.3071624218119313,False,False,61.66749954223633,,147.72242808136656,147.72242808136656,147.72242808136656
2020-08-13,115.01000213623047,114.01000213623047,112.46500142415364,112.53062629699707,112.24700164794922,112.52291742960612,112.17142922537667,153.42849992117175,0.0,0.0,150.3367529249904,1.3071624218119313,False,False,61.66749954223633,,150.3367529249904,150.3367529249904,150.3367529249904
2020-08-14,114.90750122070312,114.9587516784668,114.30916849772136,113.07562637329102,113.00600128173828,112.6904182434082,112.8635722569057,153.29175910369676,0.0,0.0,150.20276758001174,1.3071624218119313,False,False,61.66749954223633,,150.20276758001174,150.20276758001174,150.20276758001174
2020-08-17,114.60749816894531,114.75749969482422,114.84166717529297,114.38375091552734,113.38200073242187,113.27291742960612,112.96428680419922,152.89154158045517,0.0,0.0,149.81061486432503,1.3071624218119313,False,False,61.66749954223633,,149.81061486432503,149.81061486432503,149.81061486432503
2020-08-18,115.5625,115.08499908447266,115.02583312988281,115.02187538146973,114.61950073242187,113.74541727701823,113.6000006539481,154.16555684555473,0.0,0.0,151.0589573706413,1.3071624218119313,False,False,61.66749954223633,,151.0589573706413,151.0589573706413,151.0589573706413
2020-08-19,115.7074966430664,115.6349983215332,115.29249827067058,115.19624900817871,115.15899963378907,114.80083338419597,114.02571432931083,154.35898886908373,0.0,0.0,151.2484915337466,1.3071624218119313,False,False,61.66749954223633,,151.2484915337466,151.2484915337466,151.2484915337466
2020-08-20,118.2750015258789,116.99124908447266,116.51499938964844,116.03812408447266,115.81199951171875,115.6783332824707,115.2971431187221,157.78415551018676,0.0,0.0,154.60463743437774,1.3071624218119313,False,False,61.66749954223633,,154.60463743437774,154.60463743437774,154.60463743437774
2020-08-21,124.37000274658203,121.32250213623047,119.45083363850911,118.47875022888184,117.70449981689453,117.23833338419597,116.92000034877232,165.91516043967542,0.0,0.0,162.5717939909787,1.3071624218119313,False,False,61.66749954223633,,162.5717939909787,162.5717939909787,162.5717939909787
2020-08-24,125.85749816894531,125.11375045776367,122.83416748046875,121.05249977111816,119.95449981689453,119.06333287556966,118.46964263916016,167.89954603269953,0.0,0.0,164.51619210970927,1.3071624218119313,False,False,61.66749954223633,,164.51619210970927,164.51619210970927,164.51619210970927
2020-08-25,124.82499694824219,125.34124755859375,125.01749928792317,123.33187484741211,121.80699920654297,120.76624933878581,119.8864277430943,166.52214310672085,0.0,0.0,163.1665453135312,1.3071624218119313,False,False,61.66749954223633,,163.1665453135312,163.1665453135312,163.1665453135312
2020-08-26,126.52249908447266,125.67374801635742,125.73499806722005,125.39374923706055,123.96999969482422,122.59291585286458,121.58857073102679,168.78668707278675,0.0,0.0,165.38545631695715,1.3071624218119313,False,False,61.66749954223633,,165.38545631695715,165.38545631695715,165.38545631695715
2020-08-27,125.01000213623047,125.76625061035156,125.45249938964844,125.55374908447266,125.31699981689454,124.1433334350586,122.93821389334542,166.76894832316677,0.0,0.0,163.40837714310973,1.3071624218119313,False,False,61.66749954223633,,163.40837714310973,163.40837714310973,163.40837714310973
2020-08-28,124.80750274658203,124.90875244140625,125.44666798909505,125.29125022888184,125.40449981689453,125.23208363850911,124.23821476527623,166.4988050572627,0.0,0.0,163.14367755052143,1.3071624218119313,False,False,61.66749954223633,,163.14367755052143,163.14367755052143,163.14367755052143
2020-08-31,129.0399932861328,126.92374801635742,126.28583272298177,126.34499931335449,126.04099884033204,126.0104153951009,125.77607073102679,172.1451372227436,0.0,0.0,168.67623013449673,1.3071624218119313,False,False,61.66749954223633,,168.67623013449673,168.67623013449673,168.67623013449673
2020-09-01,134.17999267578125,131.60999298095703,129.34249623616537,128.25937271118164,127.91199798583985,127.3974978129069,127.17749786376953,179.0021268871327,0.0,0.0,175.39504418478143,1.3071624218119313,False,False,61.66749954223633,,175.39504418478143,175.39504418478143,175.39504418478143
2020-09-02,131.39999389648438,132.7899932861328,131.5399932861328,129.85687065124512,128.8874969482422,128.49333063761392,127.96928296770368,175.2934838598508,0.0,0.0,171.76113424780152,1.3071624218119313,False,False,61.66749954223633,,171.76113424780152,171.76113424780152,171.76113424780152
2020-09-03,120.87999725341797,126.13999557495117,128.8199946085612,128.8749942779541,128.06149597167968,127.55291366577148,127.4057115827288,161.259336619252,158.00978995839745,0.0,0.0,0.0,True,False,,120.87999725341797,158.00978995839745,158.00978995839745,158.00978995839745
2020-09-04,120.95999908447266,120.91999816894531,124.413330078125,126.85499572753906,127.29199523925782,126.87791315714519,126.61106872558594,161.36606264917702,158.00978995839745,0.0,0.0,0.0,False,False,,120.87999725341797,158.00978995839745,158.00978995839745,158.00978995839745
2020-09-08,112.81999969482422,116.88999938964844,118.21999867757161,121.5149974822998,124.0479965209961,124.87999598185222,124.86963980538505,150.50693846418943,158.00978995839745,0.0,0.0,0.0,False,False,,120.87999725341797,158.00978995839745,158.00978995839745,158.00978995839745
2020-09-09,117.31999969482422,115.06999969482422,117.03333282470703,117.99499893188477,120.67599792480469,122.92666371663411,123.79999651227679,156.5101402450872,158.00978995839745,0.0,0.0,0.0,False,False,,120.87999725341797,158.00978995839745,158.00978995839745,158.00978995839745
2020-09-10,113.48999786376953,115.40499877929688,114.54333241780598,116.14749908447266,117.09399871826172,119.4783312479655,121.57856859479632,151.40074606441405,158.00978995839745,0.0,0.0,0.0,False,False,,120.87999725341797,158.00978995839745,158.00978995839745,158.00978995839745
2020-09-11,112.0,112.74499893188477,114.26999918619792,113.90749931335449,115.31799926757813,116.24499893188477,118.40999821254185,149.41302210234403,158.00978995839745,0.0,0.0,0.0,False,False,,120.87999725341797,158.00978995839745,158.00978995839745,158.00978995839745
2020-09-14,115.36000061035156,113.68000030517578,113.61666615804036,114.54249954223633,114.1979995727539,115.3249994913737,116.11857060023716,153.8954135796507,158.00978995839745,0.0,0.0,0.0,False,False,,120.87999725341797,158.00978995839745,158.00978995839745,158.00978995839745
2020-09-15,115.54000091552734,115.45000076293945,114.3000005086263,114.09749984741211,114.74199981689453,114.42166646321614,115.35571398053851,154.13554205800477,158.00978995839745,0.0,0.0,0.0,False,False,,120.87999725341797,158.00978995839745,158.00978995839745,158.00978995839745
2020-09-16,112.12999725341797,113.83499908447266,114.3433329264323,113.75749969482422,113.70399932861328,114.30666605631511,114.0942851475307,149.58644426750638,158.00978995839745,0.0,0.0,0.0,False,False,,120.87999725341797,158.00978995839745,158.00978995839745,158.00978995839745
2020-09-17,110.33999633789062,111.2349967956543,112.66999816894531,113.34249877929688,113.0739990234375,113.14333216349284,113.73999895368304,147.19850278219474,158.00978995839745,0.0,0.0,0.0,False,False,,120.87999725341797,158.00978995839745,158.00978995839745,158.00978995839745
2020-09-18,106.83999633789062,108.58999633789062,109.7699966430664,111.21249771118164,112.04199829101563,112.03499857584636,112.24285561697823,142.52934584149648,158.00978995839745,0.0,0.0,0.0,False,False,,120.87999725341797,158.00978995839745,158.00978995839745,158.00978995839745
2020-09-21,110.08000183105469,108.45999908447266,109.08666483561198,109.84749794006348,110.98599853515626,111.71499888102214,111.7557133265904,146.85165845187004,158.00978995839745,0.0,0.0,0.0,False,False,,120.87999725341797,158.00978995839745,158.00978995839745,158.00978995839745
2020-09-22,111.80999755859375,110.94499969482422,109.57666524251302,109.76749801635742,110.23999786376953,111.12333170572917,111.72857012067523,149.1595503257607,158.00978995839745,0.0,0.0,0.0,False,False,,120.87999725341797,158.00978995839745,158.00978995839745,158.00978995839745
2020-09-23,107.12000274658203,109.46500015258789,109.67000071207683,108.96249961853027,109.23799896240234,109.71999867757161,110.55142756870815,142.90288694623405,158.00978995839745,0.0,0.0,0.0,False,False,,120.87999725341797,158.00978995839745,158.00978995839745,158.00978995839745
2020-09-24,108.22000122070312,107.67000198364258,109.0500005086263,109.3075008392334,108.81399993896484,109.06833267211914,109.5057133265904,144.3703342348626,0.0,13.639455723534837,144.3703342348626,1.3340448401995002,False,True,108.22000122070312,,158.00978995839745,158.00978995839745,158.00978995839745
2020-09-25,112.27999877929688,110.25,109.20666758219402,109.85750007629395,109.9020004272461,109.39166641235352,109.52714211600167,149.7865530291272,0.0,13.639455723534837,149.7865530291272,1.3340448401995002,False,False,108.22000122070312,,161.76140473644,163.9377085892307,163.42600875266203
2020-09-28,114.95999908447266,113.61999893188477,111.81999969482422,110.64500045776367,110.87799987792968,110.74500020345052,110.18714250837054,153.36179360798002,0.0,13.639455723534837,153.36179360798002,1.3340448401995002,False,False,108.22000122070312,,164.23784187832308,167.85072171557186,167.00124933151486
2020-09-29,114.08999633789062,114.52499771118164,113.77666473388672,112.38749885559082,111.33399963378906,111.41333262125652,111.22285679408482,152.20117093294286,0.0,13.639455723534837,152.20117093294286,1.3340448401995002,False,False,108.22000122070312,,163.43392140450257,166.58044866345554,165.8406266564777
2020-09-30,115.80999755859375,114.94999694824219,114.95333099365234,114.28499794006348,113.0719985961914,112.07999928792317,112.04142761230469,154.49572968655872,0.0,13.639455723534837,154.49572968655872,1.3340448401995002,False,False,108.22000122070312,,165.02327753211466,169.09178694238634,168.13518541009356
2020-10-01,116.79000091552734,116.29999923706055,115.5633316040039,115.4124984741211,114.78599853515625,113.69166564941406,112.7528566632952,155.80309810825415,0.0,13.639455723534837,155.80309810825415,1.3340448401995002,False,False,108.22000122070312,,165.92884336641453,170.52266961509855,169.44255383178898
2020-10-02,113.0199966430664,114.90499877929688,115.2066650390625,114.92749786376953,114.93399810791016,114.49166488647461,113.59571293422154,150.77374336104756,0.0,13.639455723534837,150.77374336104756,1.3340448401995002,False,False,108.22000122070312,,162.44519502975226,165.01816419544926,164.4131990845824
2020-10-05,116.5,114.7599983215332,115.43666585286458,115.52999877929688,115.24199829101562,115.19499842325847,114.77856990269252,155.41622388324177,0.0,13.639455723534837,155.41622388324177,1.3340448401995002,False,False,108.22000122070312,,165.66086987514103,170.09924526439312,169.0556796067766
2020-10-06,113.16000366210938,114.83000183105469,114.22666676839192,114.86750030517578,115.05599975585938,114.89499918619792,114.90428488595145,150.96051900239357,0.0,13.639455723534837,150.96051900239357,1.3340448401995002,False,False,108.22000122070312,,162.574567620275,165.222585553998,164.5999747259284
2020-10-07,115.08000183105469,114.12000274658203,114.91333516438802,114.44000053405762,114.91000061035156,115.06000010172527,114.92142813546317,153.52188265286753,0.0,13.639455723534837,153.52188265286753,1.3340448401995002,False,False,108.22000122070312,,164.3487296488169,168.0259352488187,167.16133837640237
2020-10-08,114.97000122070312,115.0250015258789,114.40333557128906,114.9275016784668,114.54600067138672,114.92000071207683,115.0471431187221,153.37513690620924,0.0,13.639455723534837,153.37513690620924,1.3340448401995002,False,False,108.22000122070312,,164.24708428833753,167.86532562822282,167.01459262974407
2020-10-09,116.97000122070312,115.97000122070312,115.67333475748698,115.04500198364258,115.33600158691407,114.95000076293945,115.21285792759487,156.04322658660826,0.0,13.639455723534837,156.04322658660826,1.3340448401995002,False,False,108.22000122070312,,166.09517149720864,170.7854843452081,169.6826823101431
2020-10-12,124.4000015258789,120.68500137329102,118.78000132242839,117.85500144958496,116.91600189208984,116.8466682434082,116.3000008719308,165.95518015640872,0.0,13.639455723534837,165.95518015640872,1.3340448401995002,False,False,108.22000122070312,,172.96081576016064,181.63387442438932,179.59463587994355
2020-10-13,121.0999984741211,122.75,120.82333374023438,119.36000061035156,118.50400085449219,117.61333465576172,117.45428684779576,161.5528281125686,0.0,13.639455723534837,161.5528281125686,1.3340448401995002,False,False,108.22000122070312,,169.91146904556598,176.815608085555,175.19228383610343
2020-10-14,121.19000244140625,121.14500045776367,122.23000081380208,120.91500091552734,119.7260009765625,118.95166778564453,118.12428719656808,161.67289744072283,0.0,13.639455723534837,161.67289744072283,1.3340448401995002,False,False,108.22000122070312,,169.99463663590967,176.9470210203705,175.31235316425767
2020-10-15,120.70999908447266,120.95000076293945,121.0,121.85000038146973,120.8740005493164,119.89000066121419,119.2028579711914,161.03255143912713,0.0,13.639455723534837,161.03255143912713,1.3340448401995002,False,False,108.22000122070312,,169.55109260382758,176.24617802690457,174.67200716266197
2020-10-16,119.0199966430664,119.86499786376953,120.30666605631511,120.5049991607666,121.28399963378907,120.56499989827473,119.76571437290737,158.77801240224457,0.0,13.639455723534837,158.77801240224457,1.3340448401995002,False,False,108.22000122070312,,167.98945665636563,173.77864034640513,172.4174681257794
2020-10-19,115.9800033569336,117.5,118.56999969482422,119.22500038146973,119.6,120.40000025431316,119.91000039236886,154.72252504463796,0.0,13.639455723534837,154.72252504463796,1.3340448401995002,False,False,108.22000122070312,,165.18037030278754,169.34000889936638,168.3619807681728
2020-10-20,117.51000213623047,116.74500274658203,117.50333404541016,118.30500030517578,118.88200073242187,119.25166702270508,119.98714338030133,156.7636120216705,0.0,13.639455723534837,156.7636120216705,1.3340448401995002,False,False,108.22000122070312,,166.59415588959104,171.5739285355367,170.40306774520533
2020-10-21,116.87000274658203,117.19000244140625,116.7866694132487,117.34500122070312,118.01800079345703,118.5466677347819,118.91142926897321,155.90982413817918,0.0,13.639455723534837,155.90982413817918,1.3340448401995002,False,False,108.22000122070312,,166.00276854674377,170.63947863726312,169.549279861714
2020-10-22,115.75,116.31000137329102,116.71000162760417,116.52750205993652,117.0260009765625,117.64000066121419,118.1471437726702,154.41569025309215,0.0,13.639455723534837,154.41569025309215,1.3340448401995002,False,False,108.22000122070312,,164.96783717181435,169.00418574552364,168.055145976627
2020-10-23,115.04000091552734,115.39500045776367,115.8866678873698,116.29250144958496,116.2300018310547,116.69500096638997,117.26857212611607,153.46851963790502,0.0,13.639455723534837,153.46851963790502,1.3340448401995002,False,False,108.22000122070312,,164.3117670586523,167.96753073773644,167.10797536143986
2020-10-26,115.05000305175781,115.04500198364258,115.28000132242839,115.6775016784668,116.04400177001953,116.03333536783855,116.46000126429966,153.48186293613426,0.0,13.639455723534837,153.48186293613426,1.3340448401995002,False,False,108.22000122070312,,164.32100946866674,167.98213465038737,167.1213186596691
2020-10-27,116.5999984741211,115.82500076293945,115.56333414713542,115.61000061035156,115.86200103759765,116.1366678873698,116.11428724016461,155.54962633167085,0.0,13.639455723534837,155.54962633167085,1.3340448401995002,False,False,108.22000122070312,,165.75327282560596,170.24525097233808,169.1890820552057
2020-10-28,111.19999694824219,113.89999771118164,114.28333282470703,114.47249984741211,114.72799987792969,115.0850003560384,115.43142918178013,148.34578215900265,0.0,13.639455723534837,148.34578215900265,1.3340448401995002,False,False,108.22000122070312,,160.76343595167523,162.3608202085735,161.9852378825375
2020-10-29,115.31999969482422,113.2599983215332,114.37333170572917,114.54249954223633,114.64199981689453,114.82666651407878,115.11857169015067,153.84205056468818,0.0,13.639455723534837,153.84205056468818,1.3340448401995002,False,False,108.22000122070312,,164.57049813991134,168.37635117579094,167.48150628822302
2020-10-30,108.86000061035156,112.09000015258789,111.79333241780598,112.99499893188477,113.40599975585937,113.6783332824707,113.97428567068917,145.22412211835393,145.22412211835393,13.639455723534837,0.0,0.0,True,False,,108.86000061035156,158.60117730124475,158.94423985667103,158.86357784188877
2020-11-02,108.7699966430664,108.81499862670898,110.98333231608073,111.0374984741211,112.14999847412109,112.63333257039388,112.97714233398438,145.1040527901997,145.22412211835393,13.639455723534837,0.0,0.0,False,False,,108.86000061035156,158.60117730124475,158.94423985667103,158.86357784188877
2020-11-03,110.44000244140625,109.60499954223633,109.3566665649414,110.84749984741211,110.91799926757812,111.86499913533528,112.31999969482422,147.33191540857823,0.0,11.531662433310544,147.33191540857823,1.3340448401995002,False,True,110.44000244140625,,158.60117730124475,158.94423985667103,158.86357784188877
2020-11-04,114.94999694824219,112.69499969482422,111.38666534423828,110.7549991607666,111.66799926757812,111.58999888102214,112.3057131086077,153.34845030975077,0.0,11.531662433310544,153.34845030975077,1.3340448401995002,False,False,110.44000244140625,,162.68483757572608,165.43498263827425,164.88011274306132
2020-11-05,119.02999877929688,116.98999786376953,114.80666605631511,113.29749870300293,112.40999908447266,112.89499918619792,112.6528560093471,158.79135570047382,0.0,11.531662433310544,158.79135570047382,1.3340448401995002,False,False,110.44000244140625,,166.37915280649526,171.30688389972948,170.32301813378436
2020-11-06,118.69000244140625,118.86000061035156,117.55666605631511,115.77750015258789,114.3759994506836,113.45666631062825,113.72285679408482,158.3377853402241,0.0,11.531662433310544,158.3377853402241,1.3340448401995002,False,False,110.44000244140625,,166.0712966580213,170.81756428468557,169.86944777353463
2020-11-09,116.31999969482422,117.50500106811523,118.01333363850911,117.24749946594238,115.88600006103516,114.6999994913737,113.86571393694196,155.1760954048877,0.0,11.531662433310544,155.1760954048877,1.3340448401995002,False,False,110.44000244140625,,163.9253326104024,167.40667804160023,166.70775783819823
2020-11-10,115.97000122070312,116.14500045776367,116.9933344523112,117.50250053405762,116.99199981689453,115.90000025431316,114.88142830984933,154.70918174640875,0.0,11.531662433310544,154.70918174640875,1.3340448401995002,False,False,110.44000244140625,,163.60841983750856,166.9029634437154,166.2408441797193
2020-11-11,119.48999786376953,117.72999954223633,117.25999959309895,117.61750030517578,117.9,117.40833282470703,116.41285705566406,159.40501510561106,0.0,11.531662433310544,159.40501510561106,1.3340448401995002,False,False,110.44000244140625,,166.7956677234672,171.96891036840023,170.9366775389216
2020-11-12,119.20999908447266,119.3499984741211,118.22333272298177,117.74749946594238,117.93600006103516,118.11833318074544,117.66571371895927,159.0314841788279,0.0,11.531662433310544,159.0314841788279,1.3340448401995002,False,False,110.44000244140625,,166.54213750515214,171.56593869009237,170.56314661213844
2020-11-13,119.26000213623047,119.23500061035156,119.31999969482422,118.48250007629395,118.05,118.1566670735677,118.28142874581474,159.09819049201963,0.0,11.531662433310544,159.09819049201963,1.3340448401995002,False,False,110.44000244140625,,166.58741371907138,171.6379026241422,170.62985292533017
2020-11-16,120.30000305175781,119.78000259399414,119.59000142415364,119.56500053405762,118.84600067138672,118.4250005086263,118.46285792759487,160.48559834718165,0.0,11.531662433310544,160.48559834718165,1.3340448401995002,False,False,110.44000244140625,,167.52910232151334,173.13466241511048,172.0172607804922
2020-11-17,119.38999938964844,119.84500122070312,119.6500015258789,119.54000091552734,119.53000030517578,118.93666712443034,118.56285749162946,159.27161265718198,0.0,11.531662433310544,159.27161265718198,1.3340448401995002,False,False,110.44000244140625,,166.70512220380903,171.82499348045522,170.80327509049252
2020-11-18,118.02999877929688,118.70999908447266,119.24000040690105,119.2450008392334,119.23800048828124,119.28000005086263,118.80714307512555,157.4573108602743,0.0,11.531662433310544,157.4573108602743,1.3340448401995002,False,False,110.44000244140625,,165.47368379355262,169.86769305997015,168.98897329358485
2020-11-19,118.63999938964844,118.33499908447266,118.68666585286458,119.09000015258789,119.1240005493164,119.13833363850911,119.18857138497489,158.27107902703236,0.0,11.531662433310544,158.27107902703236,1.3340448401995002,False,False,110.44000244140625,,166.02602044410204,170.74560035063573,169.8027414603429
2020-11-20,117.33999633789062,117.98999786376953,118.00333150227864,118.3499984741211,118.73999938964843,118.82666651407878,118.88142830984933,156.53681666359122,0.0,11.531662433310544,156.53681666359122,1.3340448401995002,False,False,110.44000244140625,,164.84890796400452,168.8746478668867,168.06847909690177
2020-11-23,113.8499984741211,115.59499740600586,116.60999806722005,116.96499824523926,117.44999847412109,117.92499923706055,118.11571393694196,151.8810030211222,0.0,11.531662433310544,151.8810030211222,1.3340448401995002,False,False,110.44000244140625,,161.6888230431253,163.8518749105699,163.41266545443276
2020-11-24,115.16999816894531,114.5099983215332,115.45333099365234,116.24999809265137,116.60599822998047,117.06999842325847,117.53142765590123,153.64194180306737,0.0,11.531662433310544,153.64194180306737,1.3340448401995002,False,False,110.44000244140625,,162.88404186388232,165.75160637984607,165.1736042363779
2020-11-25,116.02999877929688,115.5999984741211,115.01666514078777,115.59749794006348,116.20599822998047,116.5099983215332,116.92142704554966,154.7892211798753,0.0,11.531662433310544,154.7892211798753,1.3340448401995002,False,False,110.44000244140625,,163.6627457676674,166.98931138045148,166.32088361318586
2020-11-27,116.58999633789062,116.30999755859375,115.92999776204427,115.40999794006348,115.7959976196289,116.26999791463216,116.52142660958427,155.5362830334416,0.0,11.531662433310544,155.5362830334416,1.3340448401995002,False,False,110.44000244140625,,164.16980620429757,167.79525473706718,167.06794546675215
2020-11-30,119.05000305175781,117.81999969482422,117.22333272298177,116.70999908447266,116.13799896240235,116.33833185831706,116.66714150565011,158.81804229693228,0.0,11.531662433310544,158.81804229693228,1.3340448401995002,False,False,110.44000244140625,,166.39726605533508,171.3356738654113,170.34970473024282
2020-12-01,122.72000122070312,120.88500213623047,119.45333353678386,118.59749984741211,117.91199951171875,117.23499933878581,117.24999891008649,163.71398441775537,0.0,11.531662433310544,163.71398441775537,1.3340448401995002,False,False,110.44000244140625,,169.7203356748712,176.61750161209096,175.2456468510659
2020-12-02,123.08000183105469,122.9000015258789,121.61666870117188,120.36000061035156,119.49400024414062,118.77333323160808,118.06999969482422,164.19424137446353,0.0,11.531662433310544,164.19424137446353,1.3340448401995002,False,False,110.44000244140625,,170.04630507218496,177.1356111928167,175.72590380777407
2020-12-03,122.94000244140625,123.01000213623047,122.91333516438802,121.94750213623047,120.8760009765625,120.06833394368489,119.36857169015067,164.00747591107196,0.0,11.531662433310544,164.00747591107196,1.3340448401995002,False,False,110.44000244140625,,169.91953996302743,176.93412535366278,175.5391383443825
2020-12-04,122.25,122.59500122070312,122.75666809082031,122.74750137329102,122.00800170898438,121.10500081380208,120.38000052315849,163.0869817143889,0.0,11.531662433310544,163.0869817143889,1.3340448401995002,False,False,110.44000244140625,,169.2947641334793,175.94108016057933,174.61864414769946
2020-12-07,123.75,123.0,122.98000081380208,123.00500106811523,122.94800109863282,122.29833475748698,121.48285784040179,165.08804897468815,0.0,11.531662433310544,165.08804897468815,1.3340448401995002,False,False,110.44000244140625,,170.65296765289324,178.09986642021832,176.6197114079987
2020-12-08,124.37999725341797,124.06499862670898,123.45999908447266,123.32999992370605,123.28000030517578,123.18666712443034,122.59571511404855,165.92849355995025,0.0,11.531662433310544,165.92849355995025,1.3340448401995002,False,False,110.44000244140625,,171.22341064410216,179.006552696411,177.4601559932608
2020-12-09,121.77999877929688,123.07999801635742,123.30333201090495,123.03999900817871,123.01999969482422,123.03000005086263,122.98571450369698,162.45997901102243,0.0,11.531662433310544,162.45997901102243,1.3340448401995002,False,False,110.44000244140625,,168.86919259208742,175.26465870906767,173.99164144433297
2020-12-10,123.23999786376953,122.5099983215332,123.13333129882812,123.2874984741211,123.07999877929687,123.05666605631511,123.05999973842076,164.40768325635918,0.0,11.531662433310544,164.40768325635918,1.3340448401995002,False,False,110.44000244140625,,170.19117652200202,177.36587601749775,175.93934568966972
2020-12-11,122.41000366210938,122.82500076293945,122.47666676839192,122.95249938964844,123.11199951171875,122.9683329264323,122.96428571428571,163.30043377423894,0.0,11.531662433310544,163.30043377423894,1.3340448401995002,False,False,110.44000244140625,,169.4396424914767,176.17135596541507,174.83209620754948
2020-12-14,121.77999877929688,122.09500122070312,122.47666676839192,122.30249977111816,122.71799926757812,122.88999938964844,122.79857090541294,162.45997901102243,0.0,11.531662433310544,162.45997901102243,1.3340448401995002,False,False,110.44000244140625,,168.86919259208742,175.26465870906767,173.99164144433297
2020-12-15,127.87999725341797,124.82999801635742,124.02333323160808,123.82749938964844,123.41799926757812,123.5783322652181,123.6028562273298,170.5976505006485,0.0,11.531662433310544,170.5976505006485,1.3340448401995002,False,False,110.44000244140625,,174.39255218940133,184.0437206355687,182.12931293395906
2020-12-16,127.80999755859375,127.84499740600586,125.82333119710286,124.96999931335449,124.6239990234375,124.14999898274739,124.18285587855748,170.5042677689527,0.0,11.531662433310544,170.5042677689527,1.3340448401995002,False,False,110.44000244140625,,174.32916963482256,183.94297771599173,182.03593020226324
2020-12-17,128.6999969482422,128.25499725341797,128.12999725341797,126.5424976348877,125.71599884033203,125.30333201090495,124.7999986921038,171.69156686249391,0.0,11.531662433310544,171.69156686249391,1.3340448401995002,False,False,110.44000244140625,,175.13503650368705,185.22385668496517,183.22322929580446
2020-12-18,126.66000366210938,127.68000030517578,127.72333272298177,127.76249885559082,126.56599884033203,125.87333297729492,125.4971422467913,168.97012434508682,0.0,11.531662433310544,168.97012434508682,1.3340448401995002,False,False,110.44000244140625,,173.28788579648278,182.28791703439228,180.50178677839736
2020-12-21,128.22999572753906,127.44499969482422,127.8633321126302,127.8499984741211,127.85599822998047,126.84333165486653,126.20999908447266,171.06456415912743,0.0,11.531662433310544,171.06456415912743,1.3340448401995002,False,False,110.44000244140625,,174.70946496229516,184.54743523345354,182.59622659243797
2020-12-22,131.8800048828125,130.05500030517578,128.92333475748697,128.86750030517578,128.65599975585937,128.52666600545248,127.56285640171596,175.9338400394009,0.0,11.531662433310544,175.9338400394009,1.3340448401995002,False,False,110.44000244140625,,178.0144351493521,189.8004949747608,187.46550247271145
2020-12-23,130.9600067138672,131.42000579833984,130.3566691080729,129.43250274658203,129.28600158691407,129.04000091552734,128.87428610665458,174.70652122912642,0.0,11.531662433310544,174.70652122912642,1.3340448401995002,False,False,110.44000244140625,,177.1814053154082,188.47644203741933,186.23818366243697
2020-12-24,131.97000122070312,131.46500396728516,131.60333760579428,130.76000213623047,129.94000244140625,129.73333485921225,129.4585723876953,176.05389918960074,0.0,11.531662433310544,176.05389918960074,1.3340448401995002,False,False,110.44000244140625,,178.0959240445904,189.93001687986487,187.58556162291129
2020-12-28,136.69000244140625,134.3300018310547,133.20667012532553,132.87500381469727,131.9460021972656,131.06500244140625,130.7271445138114,182.3505924638151,0.0,11.531662433310544,182.3505924638151,1.3340448401995002,False,False,110.44000244140625,,182.36973889098837,196.7229994003537,193.88225489712565
2020-12-29,134.8699951171875,135.77999877929688,134.50999959309897,133.62250137329102,133.2740020751953,132.43333435058594,131.60857282366072,179.92262108381578,0.0,11.531662433310544,179.92262108381578,1.3340448401995002,False,False,110.44000244140625,,180.72177865557967,194.10366153104317,191.45428351712633
2020-12-30,133.72000122070312,134.2949981689453,135.09333292643228,134.3125,133.64200134277343,133.34833526611328,132.61714390345983,178.38847765994987,0.0,11.531662433310544,178.38847765994987,1.3340448401995002,False,False,110.44000244140625,,179.68049481723995,192.4486008494437,189.92014009326041
2020-12-31,132.69000244140625,133.2050018310547,133.75999959309897,134.49250030517578,133.98800048828124,133.48333485921225,133.25428771972656,177.0144131030171,0.0,11.531662433310544,177.0144131030171,1.3340448401995002,False,False,110.44000244140625,,178.74786283921793,190.96623604131634,188.54607553632763
